module_name,sample_index,sim_time,domain,scenario_id,scenario_name,wr_req,rd_req,wr_accepted,rd_accepted,full_flag,empty_flag,depth_after,pass_count,fail_count
async_fifo_src,1,70000,rd,0,unclassified,0,0,0,0,0,1,0,0,0
async_fifo_src,2,72000,wr,1,fill_burst,1,0,1,0,0,1,1,1,0
async_fifo_src,3,80000,wr,1,fill_burst,0,1,0,0,0,1,1,1,0
async_fifo_src,4,84000,rd,1,fill_burst,0,1,0,0,0,1,1,1,0
async_fifo_src,5,88000,wr,1,fill_burst,0,1,0,0,0,1,1,1,0
async_fifo_src,6,96000,wr,1,fill_burst,1,0,1,0,0,1,2,2,0
async_fifo_src,7,98000,rd,1,fill_burst,1,0,0,0,0,1,2,2,0
async_fifo_src,8,104000,wr,1,fill_burst,0,0,0,0,0,1,2,2,0
async_fifo_src,9,112000,rd,1,fill_burst,0,0,0,0,0,0,2,2,0
async_fifo_src,10,112000,wr,1,fill_burst,0,0,0,0,0,0,2,2,0
async_fifo_src,11,120000,wr,1,fill_burst,0,0,0,0,0,0,2,2,0
async_fifo_src,12,126000,rd,1,fill_burst,0,0,0,0,0,0,2,2,0
async_fifo_src,13,128000,wr,1,fill_burst,1,0,1,0,0,0,3,3,0
async_fifo_src,14,136000,wr,1,fill_burst,0,0,0,0,0,0,3,3,0
async_fifo_src,15,140000,rd,1,fill_burst,0,0,0,0,0,0,3,3,0
async_fifo_src,16,144000,wr,1,fill_burst,0,0,0,0,0,0,3,3,0
async_fifo_src,17,152000,wr,1,fill_burst,1,0,1,0,0,0,4,4,0
async_fifo_src,18,154000,rd,1,fill_burst,1,0,0,0,0,0,4,4,0
async_fifo_src,19,160000,wr,1,fill_burst,0,0,0,0,0,0,4,4,0
async_fifo_src,20,168000,rd,1,fill_burst,0,0,0,0,0,0,4,4,0
async_fifo_src,21,168000,wr,1,fill_burst,0,0,0,0,0,0,4,4,0
async_fifo_src,22,176000,wr,1,fill_burst,0,0,0,0,0,0,4,4,0
async_fifo_src,23,182000,rd,1,fill_burst,0,0,0,0,0,0,4,4,0
async_fifo_src,24,184000,wr,1,fill_burst,1,0,1,0,0,0,5,5,0
async_fifo_src,25,192000,wr,1,fill_burst,0,0,0,0,0,0,5,5,0
async_fifo_src,26,196000,rd,1,fill_burst,0,0,0,0,0,0,5,5,0
async_fifo_src,27,200000,wr,1,fill_burst,0,0,0,0,0,0,5,5,0
async_fifo_src,28,208000,wr,1,fill_burst,1,0,1,0,0,0,6,6,0
async_fifo_src,29,210000,rd,1,fill_burst,1,0,0,0,0,0,6,6,0
async_fifo_src,30,216000,wr,1,fill_burst,0,0,0,0,0,0,6,6,0
async_fifo_src,31,224000,rd,1,fill_burst,0,0,0,0,0,0,6,6,0
async_fifo_src,32,224000,wr,1,fill_burst,0,0,0,0,0,0,6,6,0
async_fifo_src,33,232000,wr,1,fill_burst,0,0,0,0,0,0,6,6,0
async_fifo_src,34,238000,rd,1,fill_burst,0,0,0,0,0,0,6,6,0
async_fifo_src,35,240000,wr,1,fill_burst,1,0,1,0,0,0,7,7,0
async_fifo_src,36,248000,wr,1,fill_burst,0,0,0,0,0,0,7,7,0
async_fifo_src,37,252000,rd,1,fill_burst,0,0,0,0,0,0,7,7,0
async_fifo_src,38,256000,wr,1,fill_burst,0,0,0,0,0,0,7,7,0
async_fifo_src,39,264000,wr,1,fill_burst,1,0,1,0,0,0,8,8,0
async_fifo_src,40,266000,rd,1,fill_burst,1,0,0,0,0,0,8,8,0
async_fifo_src,41,272000,wr,1,fill_burst,0,0,0,0,0,0,8,8,0
async_fifo_src,42,280000,rd,1,fill_burst,0,0,0,0,0,0,8,8,0
async_fifo_src,43,280000,wr,1,fill_burst,0,0,0,0,0,0,8,8,0
async_fifo_src,44,288000,wr,1,fill_burst,0,0,0,0,0,0,8,8,0
async_fifo_src,45,294000,rd,1,fill_burst,0,0,0,0,0,0,8,8,0
async_fifo_src,46,296000,wr,1,fill_burst,1,0,1,0,0,0,9,9,0
async_fifo_src,47,304000,wr,1,fill_burst,0,0,0,0,0,0,9,9,0
async_fifo_src,48,308000,rd,1,fill_burst,0,0,0,0,0,0,9,9,0
async_fifo_src,49,312000,wr,1,fill_burst,0,0,0,0,0,0,9,9,0
async_fifo_src,50,320000,wr,1,fill_burst,1,0,1,0,0,0,10,10,0
async_fifo_src,51,322000,rd,1,fill_burst,1,0,0,0,0,0,10,10,0
async_fifo_src,52,328000,wr,1,fill_burst,0,0,0,0,0,0,10,10,0
async_fifo_src,53,336000,rd,1,fill_burst,0,0,0,0,0,0,10,10,0
async_fifo_src,54,336000,wr,1,fill_burst,0,0,0,0,0,0,10,10,0
async_fifo_src,55,344000,wr,1,fill_burst,0,0,0,0,0,0,10,10,0
async_fifo_src,56,350000,rd,1,fill_burst,0,0,0,0,0,0,10,10,0
async_fifo_src,57,352000,wr,1,fill_burst,1,0,1,0,0,0,11,11,0
async_fifo_src,58,360000,wr,1,fill_burst,0,0,0,0,0,0,11,11,0
async_fifo_src,59,364000,rd,1,fill_burst,0,0,0,0,0,0,11,11,0
async_fifo_src,60,368000,wr,1,fill_burst,0,0,0,0,0,0,11,11,0
async_fifo_src,61,376000,wr,1,fill_burst,1,0,1,0,0,0,12,12,0
async_fifo_src,62,378000,rd,1,fill_burst,1,0,0,0,0,0,12,12,0
async_fifo_src,63,384000,wr,1,fill_burst,0,1,0,0,0,0,12,12,0
async_fifo_src,64,392000,rd,1,fill_burst,0,1,0,1,0,0,11,13,0
async_fifo_src,65,392000,wr,1,fill_burst,0,1,0,0,0,0,11,13,0
async_fifo_src,66,400000,wr,1,fill_burst,0,0,0,0,0,0,11,13,0
async_fifo_src,67,406000,rd,1,fill_burst,0,0,0,0,0,0,11,13,0
async_fifo_src,68,408000,wr,1,fill_burst,1,0,1,0,0,0,12,14,0
async_fifo_src,69,416000,wr,1,fill_burst,0,0,0,0,0,0,12,14,0
async_fifo_src,70,420000,rd,1,fill_burst,0,0,0,0,0,0,12,14,0
async_fifo_src,71,424000,wr,1,fill_burst,0,0,0,0,0,0,12,14,0
async_fifo_src,72,432000,wr,1,fill_burst,1,0,1,0,0,0,13,15,0
async_fifo_src,73,434000,rd,1,fill_burst,1,0,0,0,0,0,13,15,0
async_fifo_src,74,440000,wr,1,fill_burst,0,0,0,0,0,0,13,15,0
async_fifo_src,75,448000,rd,1,fill_burst,0,0,0,0,0,0,13,15,0
async_fifo_src,76,448000,wr,1,fill_burst,0,0,0,0,0,0,13,15,0
async_fifo_src,77,456000,wr,1,fill_burst,0,0,0,0,0,0,13,15,0
async_fifo_src,78,462000,rd,1,fill_burst,0,0,0,0,0,0,13,15,0
async_fifo_src,79,464000,wr,1,fill_burst,1,0,1,0,0,0,14,16,0
async_fifo_src,80,472000,wr,1,fill_burst,0,0,0,0,0,0,14,16,0
async_fifo_src,81,476000,rd,1,fill_burst,0,0,0,0,0,0,14,16,0
async_fifo_src,82,480000,wr,1,fill_burst,0,0,0,0,0,0,14,16,0
async_fifo_src,83,488000,wr,1,fill_burst,1,0,1,0,0,0,15,17,0
async_fifo_src,84,490000,rd,1,fill_burst,1,0,0,0,0,0,15,17,0
async_fifo_src,85,496000,wr,1,fill_burst,0,0,0,0,0,0,15,17,0
async_fifo_src,86,504000,rd,1,fill_burst,0,0,0,0,0,0,15,17,0
async_fifo_src,87,504000,wr,1,fill_burst,0,0,0,0,0,0,15,17,0
async_fifo_src,88,512000,wr,1,fill_burst,0,0,0,0,0,0,15,17,0
async_fifo_src,89,518000,rd,1,fill_burst,0,0,0,0,1,0,15,17,0
async_fifo_src,90,520000,wr,1,fill_burst,1,0,1,0,1,0,16,18,0
async_fifo_src,91,528000,wr,1,fill_burst,0,0,0,0,1,0,16,18,0
async_fifo_src,92,532000,rd,1,fill_burst,0,0,0,0,1,0,16,18,0
async_fifo_src,93,536000,wr,1,fill_burst,0,0,0,0,1,0,16,18,0
async_fifo_src,94,544000,wr,1,fill_burst,1,0,0,0,1,0,16,18,0
async_fifo_src,95,546000,rd,1,fill_burst,1,0,0,0,1,0,16,18,0
async_fifo_src,96,552000,wr,1,fill_burst,0,1,0,0,1,0,16,18,0
async_fifo_src,97,560000,rd,1,fill_burst,0,1,0,1,1,0,15,19,0
async_fifo_src,98,560000,wr,1,fill_burst,0,1,0,0,1,0,15,19,0
async_fifo_src,99,568000,wr,1,fill_burst,0,0,0,0,1,0,15,19,0
async_fifo_src,100,574000,rd,1,fill_burst,0,0,0,0,0,0,15,19,0
async_fifo_src,101,576000,wr,1,fill_burst,1,0,0,0,0,0,15,19,0
async_fifo_src,102,584000,wr,1,fill_burst,0,0,0,0,0,0,15,19,0
async_fifo_src,103,588000,rd,1,fill_burst,0,0,0,0,0,0,15,19,0
async_fifo_src,104,592000,wr,1,fill_burst,0,0,0,0,0,0,15,19,0
async_fifo_src,105,600000,wr,1,fill_burst,1,0,1,0,1,0,16,20,0
async_fifo_src,106,602000,rd,1,fill_burst,1,0,0,0,1,0,16,20,0
async_fifo_src,107,608000,wr,1,fill_burst,0,0,0,0,1,0,16,20,0
async_fifo_src,108,616000,rd,1,fill_burst,0,0,0,0,1,0,16,20,0
async_fifo_src,109,616000,wr,1,fill_burst,0,0,0,0,1,0,16,20,0
async_fifo_src,110,624000,wr,1,fill_burst,0,0,0,0,1,0,16,20,0
async_fifo_src,111,630000,rd,1,fill_burst,0,0,0,0,1,0,16,20,0
async_fifo_src,112,632000,wr,1,fill_burst,1,0,0,0,1,0,16,20,0
async_fifo_src,113,640000,wr,1,fill_burst,0,0,0,0,1,0,16,20,0
async_fifo_src,114,644000,rd,1,fill_burst,0,0,0,0,1,0,16,20,0
async_fifo_src,115,648000,wr,1,fill_burst,0,0,0,0,1,0,16,20,0
async_fifo_src,116,656000,wr,1,fill_burst,1,0,0,0,1,0,16,20,0
async_fifo_src,117,658000,rd,1,fill_burst,1,0,0,0,1,0,16,20,0
async_fifo_src,118,664000,wr,1,fill_burst,0,0,0,0,1,0,16,20,0
async_fifo_src,119,672000,rd,1,fill_burst,0,0,0,0,1,0,16,20,0
async_fifo_src,120,672000,wr,1,fill_burst,0,0,0,0,1,0,16,20,0
async_fifo_src,121,680000,wr,1,fill_burst,0,0,0,0,1,0,16,20,0
async_fifo_src,122,686000,rd,1,fill_burst,0,0,0,0,1,0,16,20,0
async_fifo_src,123,688000,wr,1,fill_burst,1,0,0,0,1,0,16,20,0
async_fifo_src,124,696000,wr,1,fill_burst,0,1,0,0,1,0,16,20,0
async_fifo_src,125,700000,rd,1,fill_burst,0,1,0,1,1,0,15,21,0
async_fifo_src,126,704000,wr,1,fill_burst,0,1,0,0,1,0,15,21,0
async_fifo_src,127,712000,wr,1,fill_burst,1,0,0,0,1,0,15,21,0
async_fifo_src,128,714000,rd,1,fill_burst,1,0,0,0,1,0,15,21,0
async_fifo_src,129,720000,wr,1,fill_burst,0,0,0,0,0,0,15,21,0
async_fifo_src,130,728000,rd,1,fill_burst,0,0,0,0,0,0,15,21,0
async_fifo_src,131,728000,wr,1,fill_burst,0,0,0,0,0,0,15,21,0
async_fifo_src,132,736000,wr,1,fill_burst,0,0,0,0,0,0,15,21,0
async_fifo_src,133,742000,rd,1,fill_burst,0,0,0,0,1,0,15,21,0
async_fifo_src,134,744000,wr,1,fill_burst,1,0,1,0,1,0,16,22,0
async_fifo_src,135,752000,wr,1,fill_burst,0,0,0,0,1,0,16,22,0
async_fifo_src,136,756000,rd,1,fill_burst,0,0,0,0,1,0,16,22,0
async_fifo_src,137,760000,wr,1,fill_burst,0,0,0,0,1,0,16,22,0
async_fifo_src,138,768000,wr,1,fill_burst,1,0,0,0,1,0,16,22,0
async_fifo_src,139,770000,rd,1,fill_burst,1,0,0,0,1,0,16,22,0
async_fifo_src,140,776000,wr,1,fill_burst,0,1,0,0,1,0,16,22,0
async_fifo_src,141,784000,rd,1,fill_burst,0,1,0,1,1,0,15,23,0
async_fifo_src,142,784000,wr,1,fill_burst,0,1,0,0,1,0,15,23,0
async_fifo_src,143,792000,wr,1,fill_burst,0,0,0,0,1,0,15,23,0
async_fifo_src,144,798000,rd,1,fill_burst,0,0,0,0,0,0,15,23,0
async_fifo_src,145,800000,wr,1,fill_burst,1,0,0,0,0,0,15,23,0
async_fifo_src,146,808000,wr,1,fill_burst,0,0,0,0,0,0,15,23,0
async_fifo_src,147,812000,rd,1,fill_burst,0,0,0,0,0,0,15,23,0
async_fifo_src,148,816000,wr,1,fill_burst,0,0,0,0,0,0,15,23,0
async_fifo_src,149,824000,wr,1,fill_burst,1,0,1,0,1,0,16,24,0
async_fifo_src,150,826000,rd,1,fill_burst,1,0,0,0,1,0,16,24,0
async_fifo_src,151,832000,wr,1,fill_burst,0,0,0,0,1,0,16,24,0
async_fifo_src,152,840000,rd,1,fill_burst,0,0,0,0,1,0,16,24,0
async_fifo_src,153,840000,wr,1,fill_burst,0,0,0,0,1,0,16,24,0
async_fifo_src,154,848000,wr,1,fill_burst,0,0,0,0,1,0,16,24,0
async_fifo_src,155,854000,rd,1,fill_burst,0,0,0,0,1,0,16,24,0
async_fifo_src,156,856000,wr,1,fill_burst,1,0,0,0,1,0,16,24,0
async_fifo_src,157,864000,wr,1,fill_burst,0,1,0,0,1,0,16,24,0
async_fifo_src,158,868000,rd,1,fill_burst,0,1,0,1,1,0,15,25,0
async_fifo_src,159,872000,wr,1,fill_burst,0,1,0,0,1,0,15,25,0
async_fifo_src,160,880000,wr,1,fill_burst,1,0,0,0,1,0,15,25,0
async_fifo_src,161,882000,rd,1,fill_burst,1,0,0,0,1,0,15,25,0
async_fifo_src,162,888000,wr,1,fill_burst,0,0,0,0,0,0,15,25,0
async_fifo_src,163,896000,rd,1,fill_burst,0,0,0,0,0,0,15,25,0
async_fifo_src,164,896000,wr,1,fill_burst,0,0,0,0,0,0,15,25,0
async_fifo_src,165,904000,wr,1,fill_burst,0,0,0,0,0,0,15,25,0
async_fifo_src,166,910000,rd,1,fill_burst,0,0,0,0,1,0,15,25,0
async_fifo_src,167,912000,wr,1,fill_burst,1,0,1,0,1,0,16,26,0
async_fifo_src,168,920000,wr,1,fill_burst,0,0,0,0,1,0,16,26,0
async_fifo_src,169,924000,rd,1,fill_burst,0,0,0,0,1,0,16,26,0
async_fifo_src,170,928000,wr,1,fill_burst,0,0,0,0,1,0,16,26,0
async_fifo_src,171,936000,wr,1,fill_burst,1,0,0,0,1,0,16,26,0
async_fifo_src,172,938000,rd,1,fill_burst,1,0,0,0,1,0,16,26,0
async_fifo_src,173,944000,wr,1,fill_burst,0,0,0,0,1,0,16,26,0
async_fifo_src,174,952000,rd,1,fill_burst,0,0,0,0,1,0,16,26,0
async_fifo_src,175,952000,wr,1,fill_burst,0,0,0,0,1,0,16,26,0
async_fifo_src,176,960000,wr,1,fill_burst,0,0,0,0,1,0,16,26,0
async_fifo_src,177,966000,rd,1,fill_burst,0,0,0,0,1,0,16,26,0
async_fifo_src,178,968000,wr,1,fill_burst,1,0,0,0,1,0,16,26,0
async_fifo_src,179,976000,wr,1,fill_burst,0,0,0,0,1,0,16,26,0
async_fifo_src,180,980000,rd,1,fill_burst,0,0,0,0,1,0,16,26,0
async_fifo_src,181,984000,wr,1,fill_burst,0,0,0,0,1,0,16,26,0
async_fifo_src,182,992000,wr,1,fill_burst,1,0,0,0,1,0,16,26,0
async_fifo_src,183,994000,rd,1,fill_burst,1,0,0,0,1,0,16,26,0
async_fifo_src,184,1000000,wr,1,fill_burst,0,1,0,0,1,0,16,26,0
async_fifo_src,185,1008000,rd,1,fill_burst,0,1,0,1,1,0,15,27,0
async_fifo_src,186,1008000,wr,1,fill_burst,0,1,0,0,1,0,15,27,0
async_fifo_src,187,1016000,wr,1,fill_burst,0,0,0,0,1,0,15,27,0
async_fifo_src,188,1022000,rd,1,fill_burst,0,0,0,0,0,0,15,27,0
async_fifo_src,189,1024000,wr,1,fill_burst,1,0,0,0,0,0,15,27,0
async_fifo_src,190,1032000,wr,1,fill_burst,0,0,0,0,0,0,15,27,0
async_fifo_src,191,1036000,rd,1,fill_burst,0,0,0,0,0,0,15,27,0
async_fifo_src,192,1040000,wr,1,fill_burst,0,0,0,0,0,0,15,27,0
async_fifo_src,193,1048000,wr,1,fill_burst,1,0,1,0,1,0,16,28,0
async_fifo_src,194,1050000,rd,1,fill_burst,1,0,0,0,1,0,16,28,0
async_fifo_src,195,1056000,wr,1,fill_burst,0,0,0,0,1,0,16,28,0
async_fifo_src,196,1064000,rd,1,fill_burst,0,0,0,0,1,0,16,28,0
async_fifo_src,197,1064000,wr,1,fill_burst,0,0,0,0,1,0,16,28,0
async_fifo_src,198,1072000,wr,1,fill_burst,0,0,0,0,1,0,16,28,0
async_fifo_src,199,1078000,rd,1,fill_burst,0,0,0,0,1,0,16,28,0
async_fifo_src,200,1080000,wr,1,fill_burst,1,0,0,0,1,0,16,28,0
async_fifo_src,201,1088000,wr,1,fill_burst,0,0,0,0,1,0,16,28,0
async_fifo_src,202,1092000,rd,1,fill_burst,0,0,0,0,1,0,16,28,0
async_fifo_src,203,1096000,wr,1,fill_burst,0,0,0,0,1,0,16,28,0
async_fifo_src,204,1104000,wr,1,fill_burst,1,0,0,0,1,0,16,28,0
async_fifo_src,205,1106000,rd,1,fill_burst,1,0,0,0,1,0,16,28,0
async_fifo_src,206,1112000,wr,1,fill_burst,0,1,0,0,1,0,16,28,0
async_fifo_src,207,1120000,rd,1,fill_burst,0,1,0,1,1,0,15,29,0
async_fifo_src,208,1120000,wr,1,fill_burst,0,1,0,0,1,0,15,29,0
async_fifo_src,209,1128000,wr,1,fill_burst,0,0,0,0,1,0,15,29,0
async_fifo_src,210,1134000,rd,1,fill_burst,0,0,0,0,0,0,15,29,0
async_fifo_src,211,1136000,wr,1,fill_burst,1,0,0,0,0,0,15,29,0
async_fifo_src,212,1144000,wr,1,fill_burst,0,0,0,0,0,0,15,29,0
async_fifo_src,213,1148000,rd,1,fill_burst,0,0,0,0,0,0,15,29,0
async_fifo_src,214,1152000,wr,1,fill_burst,0,0,0,0,0,0,15,29,0
async_fifo_src,215,1160000,wr,1,fill_burst,1,0,1,0,1,0,16,30,0
async_fifo_src,216,1162000,rd,1,fill_burst,1,0,0,0,1,0,16,30,0
async_fifo_src,217,1168000,wr,1,fill_burst,0,0,0,0,1,0,16,30,0
async_fifo_src,218,1176000,rd,1,fill_burst,0,0,0,0,1,0,16,30,0
async_fifo_src,219,1176000,wr,1,fill_burst,0,0,0,0,1,0,16,30,0
async_fifo_src,220,1184000,wr,1,fill_burst,0,0,0,0,1,0,16,30,0
async_fifo_src,221,1190000,rd,1,fill_burst,0,0,0,0,1,0,16,30,0
async_fifo_src,222,1192000,wr,1,fill_burst,1,0,0,0,1,0,16,30,0
async_fifo_src,223,1200000,wr,1,fill_burst,0,0,0,0,1,0,16,30,0
async_fifo_src,224,1204000,rd,1,fill_burst,0,0,0,0,1,0,16,30,0
async_fifo_src,225,1208000,wr,1,fill_burst,0,0,0,0,1,0,16,30,0
async_fifo_src,226,1216000,wr,1,fill_burst,1,0,0,0,1,0,16,30,0
async_fifo_src,227,1218000,rd,1,fill_burst,1,0,0,0,1,0,16,30,0
async_fifo_src,228,1224000,wr,1,fill_burst,0,1,0,0,1,0,16,30,0
async_fifo_src,229,1232000,rd,1,fill_burst,0,1,0,1,1,0,15,31,0
async_fifo_src,230,1232000,wr,1,fill_burst,0,1,0,0,1,0,15,31,0
async_fifo_src,231,1240000,wr,2,mixed_stress,0,0,0,0,1,0,15,31,0
async_fifo_src,232,1246000,rd,2,mixed_stress,0,0,0,0,0,0,15,31,0
async_fifo_src,233,1248000,wr,2,mixed_stress,1,0,0,0,0,0,15,31,0
async_fifo_src,234,1256000,wr,2,mixed_stress,0,0,0,0,0,0,15,31,0
async_fifo_src,235,1260000,rd,2,mixed_stress,0,0,0,0,0,0,15,31,0
async_fifo_src,236,1264000,wr,2,mixed_stress,0,0,0,0,0,0,15,31,0
async_fifo_src,237,1272000,wr,2,mixed_stress,1,0,1,0,1,0,16,32,0
async_fifo_src,238,1274000,rd,2,mixed_stress,1,0,0,0,1,0,16,32,0
async_fifo_src,239,1280000,wr,2,mixed_stress,0,1,0,0,1,0,16,32,0
async_fifo_src,240,1288000,rd,2,mixed_stress,0,1,0,1,1,0,15,33,0
async_fifo_src,241,1288000,wr,2,mixed_stress,0,1,0,0,1,0,15,33,0
async_fifo_src,242,1296000,wr,2,mixed_stress,0,0,0,0,1,0,15,33,0
async_fifo_src,243,1302000,rd,2,mixed_stress,0,0,0,0,0,0,15,33,0
async_fifo_src,244,1304000,wr,2,mixed_stress,1,0,0,0,0,0,15,33,0
async_fifo_src,245,1312000,wr,2,mixed_stress,0,1,0,0,0,0,15,33,0
async_fifo_src,246,1316000,rd,2,mixed_stress,0,1,0,1,0,0,14,34,0
async_fifo_src,247,1320000,wr,2,mixed_stress,0,1,0,0,0,0,14,34,0
async_fifo_src,248,1328000,wr,2,mixed_stress,0,0,0,0,0,0,14,34,0
async_fifo_src,249,1330000,rd,2,mixed_stress,0,0,0,0,0,0,14,34,0
async_fifo_src,250,1336000,wr,2,mixed_stress,0,0,0,0,0,0,14,34,0
async_fifo_src,251,1344000,rd,2,mixed_stress,0,0,0,0,0,0,14,34,0
async_fifo_src,252,1344000,wr,2,mixed_stress,0,0,0,0,0,0,14,34,0
async_fifo_src,253,1352000,wr,2,mixed_stress,0,0,0,0,0,0,14,34,0
async_fifo_src,254,1358000,rd,2,mixed_stress,0,0,0,0,0,0,14,34,0
async_fifo_src,255,1360000,wr,2,mixed_stress,1,0,1,0,0,0,15,35,0
async_fifo_src,256,1368000,wr,2,mixed_stress,0,1,0,0,0,0,15,35,0
async_fifo_src,257,1372000,rd,2,mixed_stress,0,1,0,1,0,0,14,36,0
async_fifo_src,258,1376000,wr,2,mixed_stress,0,1,0,0,0,0,14,36,0
async_fifo_src,259,1384000,wr,2,mixed_stress,1,0,1,0,1,0,15,37,0
async_fifo_src,260,1386000,rd,2,mixed_stress,1,0,0,0,1,0,15,37,0
async_fifo_src,261,1392000,wr,2,mixed_stress,0,1,0,0,0,0,15,37,0
async_fifo_src,262,1400000,rd,2,mixed_stress,0,1,0,1,0,0,14,38,0
async_fifo_src,263,1400000,wr,2,mixed_stress,0,1,0,0,0,0,14,38,0
async_fifo_src,264,1408000,wr,2,mixed_stress,0,0,0,0,0,0,14,38,0
async_fifo_src,265,1414000,rd,2,mixed_stress,0,0,0,0,0,0,14,38,0
async_fifo_src,266,1416000,wr,2,mixed_stress,1,0,1,0,0,0,15,39,0
async_fifo_src,267,1424000,wr,2,mixed_stress,0,1,0,0,0,0,15,39,0
async_fifo_src,268,1428000,rd,2,mixed_stress,0,1,0,1,0,0,14,40,0
async_fifo_src,269,1432000,wr,2,mixed_stress,0,1,0,0,0,0,14,40,0
async_fifo_src,270,1440000,wr,2,mixed_stress,1,0,1,0,1,0,15,41,0
async_fifo_src,271,1442000,rd,2,mixed_stress,1,0,0,0,1,0,15,41,0
async_fifo_src,272,1448000,wr,2,mixed_stress,0,1,0,0,0,0,15,41,0
async_fifo_src,273,1456000,rd,2,mixed_stress,0,1,0,1,0,0,14,42,0
async_fifo_src,274,1456000,wr,2,mixed_stress,0,1,0,0,0,0,14,42,0
async_fifo_src,275,1464000,wr,2,mixed_stress,0,0,0,0,0,0,14,42,0
async_fifo_src,276,1470000,rd,2,mixed_stress,0,0,0,0,0,0,14,42,0
async_fifo_src,277,1472000,wr,2,mixed_stress,1,0,1,0,0,0,15,43,0
async_fifo_src,278,1480000,wr,2,mixed_stress,0,0,0,0,0,0,15,43,0
async_fifo_src,279,1484000,rd,2,mixed_stress,0,0,0,0,0,0,15,43,0
async_fifo_src,280,1488000,wr,2,mixed_stress,0,0,0,0,0,0,15,43,0
async_fifo_src,281,1496000,wr,2,mixed_stress,0,0,0,0,0,0,15,43,0
async_fifo_src,282,1498000,rd,2,mixed_stress,0,0,0,0,0,0,15,43,0
async_fifo_src,283,1504000,wr,2,mixed_stress,0,0,0,0,0,0,15,43,0
async_fifo_src,284,1512000,rd,2,mixed_stress,0,0,0,0,0,0,15,43,0
async_fifo_src,285,1512000,wr,2,mixed_stress,0,0,0,0,0,0,15,43,0
async_fifo_src,286,1520000,wr,2,mixed_stress,0,0,0,0,0,0,15,43,0
async_fifo_src,287,1526000,rd,2,mixed_stress,0,0,0,0,1,0,15,43,0
async_fifo_src,288,1528000,wr,2,mixed_stress,1,0,1,0,1,0,16,44,0
async_fifo_src,289,1536000,wr,2,mixed_stress,0,1,0,0,1,0,16,44,0
async_fifo_src,290,1540000,rd,2,mixed_stress,0,1,0,1,1,0,15,45,0
async_fifo_src,291,1544000,wr,2,mixed_stress,0,1,0,0,1,0,15,45,0
async_fifo_src,292,1552000,wr,2,mixed_stress,1,0,0,0,1,0,15,45,0
async_fifo_src,293,1554000,rd,2,mixed_stress,1,0,0,0,1,0,15,45,0
async_fifo_src,294,1560000,wr,2,mixed_stress,0,1,0,0,0,0,15,45,0
async_fifo_src,295,1568000,rd,2,mixed_stress,0,1,0,1,0,0,14,46,0
async_fifo_src,296,1568000,wr,2,mixed_stress,0,1,0,0,0,0,14,46,0
async_fifo_src,297,1576000,wr,2,mixed_stress,0,0,0,0,0,0,14,46,0
async_fifo_src,298,1582000,rd,2,mixed_stress,0,0,0,0,0,0,14,46,0
async_fifo_src,299,1584000,wr,2,mixed_stress,0,0,0,0,0,0,14,46,0
async_fifo_src,300,1592000,wr,2,mixed_stress,0,1,0,0,0,0,14,46,0
async_fifo_src,301,1596000,rd,2,mixed_stress,0,1,0,1,0,0,13,47,0
async_fifo_src,302,1600000,wr,2,mixed_stress,0,1,0,0,0,0,13,47,0
async_fifo_src,303,1608000,wr,2,mixed_stress,1,0,1,0,0,0,14,48,0
async_fifo_src,304,1610000,rd,2,mixed_stress,1,0,0,0,0,0,14,48,0
async_fifo_src,305,1616000,wr,2,mixed_stress,0,1,0,0,0,0,14,48,0
async_fifo_src,306,1624000,rd,2,mixed_stress,0,1,0,1,0,0,13,49,0
async_fifo_src,307,1624000,wr,2,mixed_stress,0,1,0,0,0,0,13,49,0
async_fifo_src,308,1632000,wr,2,mixed_stress,0,0,0,0,0,0,13,49,0
async_fifo_src,309,1638000,rd,2,mixed_stress,0,0,0,0,0,0,13,49,0
async_fifo_src,310,1640000,wr,2,mixed_stress,1,0,1,0,0,0,14,50,0
async_fifo_src,311,1648000,wr,2,mixed_stress,0,1,0,0,0,0,14,50,0
async_fifo_src,312,1652000,rd,2,mixed_stress,0,1,0,1,0,0,13,51,0
async_fifo_src,313,1656000,wr,2,mixed_stress,0,1,0,0,0,0,13,51,0
async_fifo_src,314,1664000,wr,2,mixed_stress,1,0,1,0,0,0,14,52,0
async_fifo_src,315,1666000,rd,2,mixed_stress,1,0,0,0,0,0,14,52,0
async_fifo_src,316,1672000,wr,2,mixed_stress,0,1,0,0,0,0,14,52,0
async_fifo_src,317,1680000,rd,2,mixed_stress,0,1,0,1,0,0,13,53,0
async_fifo_src,318,1680000,wr,2,mixed_stress,0,1,0,0,0,0,13,53,0
async_fifo_src,319,1688000,wr,2,mixed_stress,0,0,0,0,0,0,13,53,0
async_fifo_src,320,1694000,rd,2,mixed_stress,0,0,0,0,0,0,13,53,0
async_fifo_src,321,1696000,wr,2,mixed_stress,1,0,1,0,0,0,14,54,0
async_fifo_src,322,1704000,wr,2,mixed_stress,0,0,0,0,0,0,14,54,0
async_fifo_src,323,1708000,rd,2,mixed_stress,0,0,0,0,0,0,14,54,0
async_fifo_src,324,1712000,wr,2,mixed_stress,0,0,0,0,0,0,14,54,0
async_fifo_src,325,1720000,wr,2,mixed_stress,1,0,1,0,0,0,15,55,0
async_fifo_src,326,1722000,rd,2,mixed_stress,1,0,0,0,0,0,15,55,0
async_fifo_src,327,1728000,wr,2,mixed_stress,0,0,0,0,0,0,15,55,0
async_fifo_src,328,1736000,rd,2,mixed_stress,0,0,0,0,0,0,15,55,0
async_fifo_src,329,1736000,wr,2,mixed_stress,0,0,0,0,0,0,15,55,0
async_fifo_src,330,1744000,wr,2,mixed_stress,0,0,0,0,0,0,15,55,0
async_fifo_src,331,1750000,rd,2,mixed_stress,0,0,0,0,1,0,15,55,0
async_fifo_src,332,1752000,wr,2,mixed_stress,1,0,1,0,1,0,16,56,0
async_fifo_src,333,1760000,wr,2,mixed_stress,0,1,0,0,1,0,16,56,0
async_fifo_src,334,1764000,rd,2,mixed_stress,0,1,0,1,1,0,15,57,0
async_fifo_src,335,1768000,wr,2,mixed_stress,0,1,0,0,1,0,15,57,0
async_fifo_src,336,1776000,wr,2,mixed_stress,0,0,0,0,1,0,15,57,0
async_fifo_src,337,1778000,rd,2,mixed_stress,0,0,0,0,1,0,15,57,0
async_fifo_src,338,1784000,wr,2,mixed_stress,0,1,0,0,0,0,15,57,0
async_fifo_src,339,1792000,rd,2,mixed_stress,0,1,0,1,0,0,14,58,0
async_fifo_src,340,1792000,wr,2,mixed_stress,0,1,0,0,0,0,14,58,0
async_fifo_src,341,1800000,wr,2,mixed_stress,0,0,0,0,0,0,14,58,0
async_fifo_src,342,1806000,rd,2,mixed_stress,0,0,0,0,0,0,14,58,0
async_fifo_src,343,1808000,wr,2,mixed_stress,1,0,1,0,0,0,15,59,0
async_fifo_src,344,1816000,wr,2,mixed_stress,0,1,0,0,0,0,15,59,0
async_fifo_src,345,1820000,rd,2,mixed_stress,0,1,0,1,0,0,14,60,0
async_fifo_src,346,1824000,wr,2,mixed_stress,0,1,0,0,0,0,14,60,0
async_fifo_src,347,1832000,wr,2,mixed_stress,0,0,0,0,0,0,14,60,0
async_fifo_src,348,1834000,rd,2,mixed_stress,0,0,0,0,0,0,14,60,0
async_fifo_src,349,1840000,wr,2,mixed_stress,0,0,0,0,0,0,14,60,0
async_fifo_src,350,1848000,rd,2,mixed_stress,0,0,0,0,0,0,14,60,0
async_fifo_src,351,1848000,wr,2,mixed_stress,0,0,0,0,0,0,14,60,0
async_fifo_src,352,1856000,wr,2,mixed_stress,0,0,0,0,0,0,14,60,0
async_fifo_src,353,1862000,rd,2,mixed_stress,0,0,0,0,0,0,14,60,0
async_fifo_src,354,1864000,wr,2,mixed_stress,1,0,1,0,0,0,15,61,0
async_fifo_src,355,1872000,wr,2,mixed_stress,0,1,0,0,0,0,15,61,0
async_fifo_src,356,1876000,rd,2,mixed_stress,0,1,0,1,0,0,14,62,0
async_fifo_src,357,1880000,wr,2,mixed_stress,0,1,0,0,0,0,14,62,0
async_fifo_src,358,1888000,wr,2,mixed_stress,0,0,0,0,0,0,14,62,0
async_fifo_src,359,1890000,rd,2,mixed_stress,0,0,0,0,0,0,14,62,0
async_fifo_src,360,1896000,wr,2,mixed_stress,0,1,0,0,0,0,14,62,0
async_fifo_src,361,1904000,rd,2,mixed_stress,0,1,0,1,0,0,13,63,0
async_fifo_src,362,1904000,wr,2,mixed_stress,0,1,0,0,0,0,13,63,0
async_fifo_src,363,1912000,wr,2,mixed_stress,0,0,0,0,0,0,13,63,0
async_fifo_src,364,1918000,rd,2,mixed_stress,0,0,0,0,0,0,13,63,0
async_fifo_src,365,1920000,wr,2,mixed_stress,1,0,1,0,0,0,14,64,0
async_fifo_src,366,1928000,wr,2,mixed_stress,0,1,0,0,0,0,14,64,0
async_fifo_src,367,1932000,rd,2,mixed_stress,0,1,0,1,0,0,13,65,0
async_fifo_src,368,1936000,wr,2,mixed_stress,0,1,0,0,0,0,13,65,0
async_fifo_src,369,1944000,wr,2,mixed_stress,1,0,1,0,0,0,14,66,0
async_fifo_src,370,1946000,rd,2,mixed_stress,1,0,0,0,0,0,14,66,0
async_fifo_src,371,1952000,wr,2,mixed_stress,0,1,0,0,0,0,14,66,0
async_fifo_src,372,1960000,rd,2,mixed_stress,0,1,0,1,0,0,13,67,0
async_fifo_src,373,1960000,wr,2,mixed_stress,0,1,0,0,0,0,13,67,0
async_fifo_src,374,1968000,wr,2,mixed_stress,0,0,0,0,0,0,13,67,0
async_fifo_src,375,1974000,rd,2,mixed_stress,0,0,0,0,0,0,13,67,0
async_fifo_src,376,1976000,wr,2,mixed_stress,1,0,1,0,0,0,14,68,0
async_fifo_src,377,1984000,wr,2,mixed_stress,0,1,0,0,0,0,14,68,0
async_fifo_src,378,1988000,rd,2,mixed_stress,0,1,0,1,0,0,13,69,0
async_fifo_src,379,1992000,wr,2,mixed_stress,0,1,0,0,0,0,13,69,0
async_fifo_src,380,2000000,wr,2,mixed_stress,1,0,1,0,0,0,14,70,0
async_fifo_src,381,2002000,rd,2,mixed_stress,1,0,0,0,0,0,14,70,0
async_fifo_src,382,2008000,wr,2,mixed_stress,0,1,0,0,0,0,14,70,0
async_fifo_src,383,2016000,rd,2,mixed_stress,0,1,0,1,0,0,13,71,0
async_fifo_src,384,2016000,wr,2,mixed_stress,0,1,0,0,0,0,13,71,0
async_fifo_src,385,2024000,wr,2,mixed_stress,0,0,0,0,0,0,13,71,0
async_fifo_src,386,2030000,rd,2,mixed_stress,0,0,0,0,0,0,13,71,0
async_fifo_src,387,2032000,wr,2,mixed_stress,1,0,1,0,0,0,14,72,0
async_fifo_src,388,2040000,wr,2,mixed_stress,0,0,0,0,0,0,14,72,0
async_fifo_src,389,2044000,rd,2,mixed_stress,0,0,0,0,0,0,14,72,0
async_fifo_src,390,2048000,wr,2,mixed_stress,0,0,0,0,0,0,14,72,0
async_fifo_src,391,2056000,wr,2,mixed_stress,0,0,0,0,0,0,14,72,0
async_fifo_src,392,2058000,rd,2,mixed_stress,0,0,0,0,0,0,14,72,0
async_fifo_src,393,2064000,wr,2,mixed_stress,0,1,0,0,0,0,14,72,0
async_fifo_src,394,2072000,rd,2,mixed_stress,0,1,0,1,0,0,13,73,0
async_fifo_src,395,2072000,wr,2,mixed_stress,0,1,0,0,0,0,13,73,0
async_fifo_src,396,2080000,wr,2,mixed_stress,0,0,0,0,0,0,13,73,0
async_fifo_src,397,2086000,rd,2,mixed_stress,0,0,0,0,0,0,13,73,0
async_fifo_src,398,2088000,wr,2,mixed_stress,1,0,1,0,0,0,14,74,0
async_fifo_src,399,2096000,wr,2,mixed_stress,0,1,0,0,0,0,14,74,0
async_fifo_src,400,2100000,rd,2,mixed_stress,0,1,0,1,0,0,13,75,0
async_fifo_src,401,2104000,wr,2,mixed_stress,0,1,0,0,0,0,13,75,0
async_fifo_src,402,2112000,wr,2,mixed_stress,1,0,1,0,0,0,14,76,0
async_fifo_src,403,2114000,rd,2,mixed_stress,1,0,0,0,0,0,14,76,0
async_fifo_src,404,2120000,wr,2,mixed_stress,0,0,0,0,0,0,14,76,0
async_fifo_src,405,2128000,rd,2,mixed_stress,0,0,0,0,0,0,14,76,0
async_fifo_src,406,2128000,wr,2,mixed_stress,0,0,0,0,0,0,14,76,0
async_fifo_src,407,2136000,wr,2,mixed_stress,0,0,0,0,0,0,14,76,0
async_fifo_src,408,2142000,rd,2,mixed_stress,0,0,0,0,0,0,14,76,0
async_fifo_src,409,2144000,wr,2,mixed_stress,1,0,1,0,0,0,15,77,0
async_fifo_src,410,2152000,wr,2,mixed_stress,0,0,0,0,0,0,15,77,0
async_fifo_src,411,2156000,rd,2,mixed_stress,0,0,0,0,0,0,15,77,0
async_fifo_src,412,2160000,wr,2,mixed_stress,0,0,0,0,0,0,15,77,0
async_fifo_src,413,2168000,wr,2,mixed_stress,0,0,0,0,0,0,15,77,0
async_fifo_src,414,2170000,rd,2,mixed_stress,0,0,0,0,0,0,15,77,0
async_fifo_src,415,2176000,wr,2,mixed_stress,0,0,0,0,0,0,15,77,0
async_fifo_src,416,2184000,rd,2,mixed_stress,0,0,0,0,0,0,15,77,0
async_fifo_src,417,2184000,wr,2,mixed_stress,0,0,0,0,0,0,15,77,0
async_fifo_src,418,2192000,wr,2,mixed_stress,0,0,0,0,0,0,15,77,0
async_fifo_src,419,2198000,rd,2,mixed_stress,0,0,0,0,1,0,15,77,0
async_fifo_src,420,2200000,wr,2,mixed_stress,1,0,1,0,1,0,16,78,0
async_fifo_src,421,2208000,wr,2,mixed_stress,0,1,0,0,1,0,16,78,0
async_fifo_src,422,2212000,rd,2,mixed_stress,0,1,0,1,1,0,15,79,0
async_fifo_src,423,2216000,wr,2,mixed_stress,0,1,0,0,1,0,15,79,0
async_fifo_src,424,2224000,wr,2,mixed_stress,1,0,0,0,1,0,15,79,0
async_fifo_src,425,2226000,rd,2,mixed_stress,1,0,0,0,1,0,15,79,0
async_fifo_src,426,2232000,wr,2,mixed_stress,0,1,0,0,0,0,15,79,0
async_fifo_src,427,2240000,rd,2,mixed_stress,0,1,0,1,0,0,14,80,0
async_fifo_src,428,2240000,wr,2,mixed_stress,0,1,0,0,0,0,14,80,0
async_fifo_src,429,2248000,wr,2,mixed_stress,0,0,0,0,0,0,14,80,0
async_fifo_src,430,2254000,rd,2,mixed_stress,0,0,0,0,0,0,14,80,0
async_fifo_src,431,2256000,wr,2,mixed_stress,1,0,1,0,0,0,15,81,0
async_fifo_src,432,2264000,wr,2,mixed_stress,0,1,0,0,0,0,15,81,0
async_fifo_src,433,2268000,rd,2,mixed_stress,0,1,0,1,0,0,14,82,0
async_fifo_src,434,2272000,wr,2,mixed_stress,0,1,0,0,0,0,14,82,0
async_fifo_src,435,2280000,wr,2,mixed_stress,1,0,1,0,1,0,15,83,0
async_fifo_src,436,2282000,rd,2,mixed_stress,1,0,0,0,1,0,15,83,0
async_fifo_src,437,2288000,wr,2,mixed_stress,0,0,0,0,0,0,15,83,0
async_fifo_src,438,2296000,rd,2,mixed_stress,0,0,0,0,0,0,15,83,0
async_fifo_src,439,2296000,wr,2,mixed_stress,0,0,0,0,0,0,15,83,0
async_fifo_src,440,2304000,wr,2,mixed_stress,0,0,0,0,0,0,15,83,0
async_fifo_src,441,2310000,rd,2,mixed_stress,0,0,0,0,1,0,15,83,0
async_fifo_src,442,2312000,wr,2,mixed_stress,1,0,1,0,1,0,16,84,0
async_fifo_src,443,2320000,wr,2,mixed_stress,0,1,0,0,1,0,16,84,0
async_fifo_src,444,2324000,rd,2,mixed_stress,0,1,0,1,1,0,15,85,0
async_fifo_src,445,2328000,wr,2,mixed_stress,0,1,0,0,1,0,15,85,0
async_fifo_src,446,2336000,wr,2,mixed_stress,1,0,0,0,1,0,15,85,0
async_fifo_src,447,2338000,rd,2,mixed_stress,1,0,0,0,1,0,15,85,0
async_fifo_src,448,2344000,wr,2,mixed_stress,0,0,0,0,0,0,15,85,0
async_fifo_src,449,2352000,rd,2,mixed_stress,0,0,0,0,0,0,15,85,0
async_fifo_src,450,2352000,wr,2,mixed_stress,0,0,0,0,0,0,15,85,0
async_fifo_src,451,2360000,wr,2,mixed_stress,0,0,0,0,0,0,15,85,0
async_fifo_src,452,2366000,rd,2,mixed_stress,0,0,0,0,1,0,15,85,0
async_fifo_src,453,2368000,wr,2,mixed_stress,1,0,1,0,1,0,16,86,0
async_fifo_src,454,2376000,wr,2,mixed_stress,0,1,0,0,1,0,16,86,0
async_fifo_src,455,2380000,rd,2,mixed_stress,0,1,0,1,1,0,15,87,0
async_fifo_src,456,2384000,wr,2,mixed_stress,0,1,0,0,1,0,15,87,0
async_fifo_src,457,2392000,wr,2,mixed_stress,1,0,0,0,1,0,15,87,0
async_fifo_src,458,2394000,rd,2,mixed_stress,1,0,0,0,1,0,15,87,0
async_fifo_src,459,2400000,wr,2,mixed_stress,0,1,0,0,0,0,15,87,0
async_fifo_src,460,2408000,rd,2,mixed_stress,0,1,0,1,0,0,14,88,0
async_fifo_src,461,2408000,wr,2,mixed_stress,0,1,0,0,0,0,14,88,0
async_fifo_src,462,2416000,wr,3,drain_burst,0,0,0,0,0,0,14,88,0
async_fifo_src,463,2422000,rd,3,drain_burst,0,0,0,0,0,0,14,88,0
async_fifo_src,464,2424000,wr,3,drain_burst,0,0,0,0,0,0,14,88,0
async_fifo_src,465,2432000,wr,3,drain_burst,0,1,0,0,0,0,14,88,0
async_fifo_src,466,2436000,rd,3,drain_burst,0,1,0,1,0,0,13,89,0
async_fifo_src,467,2440000,wr,3,drain_burst,0,1,0,0,0,0,13,89,0
async_fifo_src,468,2448000,wr,3,drain_burst,0,0,0,0,0,0,13,89,0
async_fifo_src,469,2450000,rd,3,drain_burst,0,0,0,0,0,0,13,89,0
async_fifo_src,470,2456000,wr,3,drain_burst,0,1,0,0,0,0,13,89,0
async_fifo_src,471,2464000,rd,3,drain_burst,0,1,0,1,0,0,12,90,0
async_fifo_src,472,2464000,wr,3,drain_burst,0,1,0,0,0,0,12,90,0
async_fifo_src,473,2472000,wr,3,drain_burst,0,0,0,0,0,0,12,90,0
async_fifo_src,474,2478000,rd,3,drain_burst,0,0,0,0,0,0,12,90,0
async_fifo_src,475,2480000,wr,3,drain_burst,0,0,0,0,0,0,12,90,0
async_fifo_src,476,2488000,wr,3,drain_burst,0,1,0,0,0,0,12,90,0
async_fifo_src,477,2492000,rd,3,drain_burst,0,1,0,1,0,0,11,91,0
async_fifo_src,478,2496000,wr,3,drain_burst,0,1,0,0,0,0,11,91,0
async_fifo_src,479,2504000,wr,3,drain_burst,1,0,1,0,0,0,12,92,0
async_fifo_src,480,2506000,rd,3,drain_burst,1,0,0,0,0,0,12,92,0
async_fifo_src,481,2512000,wr,3,drain_burst,0,1,0,0,0,0,12,92,0
async_fifo_src,482,2520000,rd,3,drain_burst,0,1,0,1,0,0,11,93,0
async_fifo_src,483,2520000,wr,3,drain_burst,0,1,0,0,0,0,11,93,0
async_fifo_src,484,2528000,wr,3,drain_burst,0,0,0,0,0,0,11,93,0
async_fifo_src,485,2534000,rd,3,drain_burst,0,0,0,0,0,0,11,93,0
async_fifo_src,486,2536000,wr,3,drain_burst,1,0,1,0,0,0,12,94,0
async_fifo_src,487,2544000,wr,3,drain_burst,0,1,0,0,0,0,12,94,0
async_fifo_src,488,2548000,rd,3,drain_burst,0,1,0,1,0,0,11,95,0
async_fifo_src,489,2552000,wr,3,drain_burst,0,1,0,0,0,0,11,95,0
async_fifo_src,490,2560000,wr,3,drain_burst,0,0,0,0,0,0,11,95,0
async_fifo_src,491,2562000,rd,3,drain_burst,0,0,0,0,0,0,11,95,0
async_fifo_src,492,2568000,wr,3,drain_burst,0,1,0,0,0,0,11,95,0
async_fifo_src,493,2576000,rd,3,drain_burst,0,1,0,1,0,0,10,96,0
async_fifo_src,494,2576000,wr,3,drain_burst,0,1,0,0,0,0,10,96,0
async_fifo_src,495,2584000,wr,3,drain_burst,0,0,0,0,0,0,10,96,0
async_fifo_src,496,2590000,rd,3,drain_burst,0,0,0,0,0,0,10,96,0
async_fifo_src,497,2592000,wr,3,drain_burst,0,0,0,0,0,0,10,96,0
async_fifo_src,498,2600000,wr,3,drain_burst,0,1,0,0,0,0,10,96,0
async_fifo_src,499,2604000,rd,3,drain_burst,0,1,0,1,0,0,9,97,0
async_fifo_src,500,2608000,wr,3,drain_burst,0,1,0,0,0,0,9,97,0
async_fifo_src,501,2616000,wr,3,drain_burst,1,0,1,0,0,0,10,98,0
async_fifo_src,502,2618000,rd,3,drain_burst,1,0,0,0,0,0,10,98,0
async_fifo_src,503,2624000,wr,3,drain_burst,0,1,0,0,0,0,10,98,0
async_fifo_src,504,2632000,rd,3,drain_burst,0,1,0,1,0,0,9,99,0
async_fifo_src,505,2632000,wr,3,drain_burst,0,1,0,0,0,0,9,99,0
async_fifo_src,506,2640000,wr,3,drain_burst,0,0,0,0,0,0,9,99,0
async_fifo_src,507,2646000,rd,3,drain_burst,0,0,0,0,0,0,9,99,0
async_fifo_src,508,2648000,wr,3,drain_burst,0,0,0,0,0,0,9,99,0
async_fifo_src,509,2656000,wr,3,drain_burst,0,1,0,0,0,0,9,99,0
async_fifo_src,510,2660000,rd,3,drain_burst,0,1,0,1,0,0,8,100,0
async_fifo_src,511,2664000,wr,3,drain_burst,0,1,0,0,0,0,8,100,0
async_fifo_src,512,2672000,wr,3,drain_burst,0,0,0,0,0,0,8,100,0
async_fifo_src,513,2674000,rd,3,drain_burst,0,0,0,0,0,0,8,100,0
async_fifo_src,514,2680000,wr,3,drain_burst,0,1,0,0,0,0,8,100,0
async_fifo_src,515,2688000,rd,3,drain_burst,0,1,0,1,0,0,7,101,0
async_fifo_src,516,2688000,wr,3,drain_burst,0,1,0,0,0,0,7,101,0
async_fifo_src,517,2696000,wr,3,drain_burst,0,0,0,0,0,0,7,101,0
async_fifo_src,518,2702000,rd,3,drain_burst,0,0,0,0,0,0,7,101,0
async_fifo_src,519,2704000,wr,3,drain_burst,0,0,0,0,0,0,7,101,0
async_fifo_src,520,2712000,wr,3,drain_burst,0,1,0,0,0,0,7,101,0
async_fifo_src,521,2716000,rd,3,drain_burst,0,1,0,1,0,0,6,102,0
async_fifo_src,522,2720000,wr,3,drain_burst,0,1,0,0,0,0,6,102,0
async_fifo_src,523,2728000,wr,3,drain_burst,0,0,0,0,0,0,6,102,0
async_fifo_src,524,2730000,rd,3,drain_burst,0,0,0,0,0,0,6,102,0
async_fifo_src,525,2736000,wr,3,drain_burst,0,1,0,0,0,0,6,102,0
async_fifo_src,526,2744000,rd,3,drain_burst,0,1,0,1,0,0,5,103,0
async_fifo_src,527,2744000,wr,3,drain_burst,0,1,0,0,0,0,5,103,0
async_fifo_src,528,2752000,wr,3,drain_burst,0,0,0,0,0,0,5,103,0
async_fifo_src,529,2758000,rd,3,drain_burst,0,0,0,0,0,0,5,103,0
async_fifo_src,530,2760000,wr,3,drain_burst,0,0,0,0,0,0,5,103,0
async_fifo_src,531,2768000,wr,3,drain_burst,0,1,0,0,0,0,5,103,0
async_fifo_src,532,2772000,rd,3,drain_burst,0,1,0,1,0,0,4,104,0
async_fifo_src,533,2776000,wr,3,drain_burst,0,1,0,0,0,0,4,104,0
async_fifo_src,534,2784000,wr,3,drain_burst,0,0,0,0,0,0,4,104,0
async_fifo_src,535,2786000,rd,3,drain_burst,0,0,0,0,0,0,4,104,0
async_fifo_src,536,2792000,wr,3,drain_burst,0,1,0,0,0,0,4,104,0
async_fifo_src,537,2800000,rd,3,drain_burst,0,1,0,1,0,0,3,105,0
async_fifo_src,538,2800000,wr,3,drain_burst,0,1,0,0,0,0,3,105,0
async_fifo_src,539,2808000,wr,3,drain_burst,0,0,0,0,0,0,3,105,0
async_fifo_src,540,2814000,rd,3,drain_burst,0,0,0,0,0,0,3,105,0
async_fifo_src,541,2816000,wr,3,drain_burst,0,0,0,0,0,0,3,105,0
async_fifo_src,542,2824000,wr,3,drain_burst,0,1,0,0,0,0,3,105,0
async_fifo_src,543,2828000,rd,3,drain_burst,0,1,0,1,0,0,2,106,0
async_fifo_src,544,2832000,wr,3,drain_burst,0,1,0,0,0,0,2,106,0
async_fifo_src,545,2840000,wr,3,drain_burst,1,0,1,0,0,0,3,107,0
async_fifo_src,546,2842000,rd,3,drain_burst,1,0,0,0,0,0,3,107,0
async_fifo_src,547,2848000,wr,3,drain_burst,0,1,0,0,0,0,3,107,0
async_fifo_src,548,2856000,rd,3,drain_burst,0,1,0,1,0,0,2,108,0
async_fifo_src,549,2856000,wr,3,drain_burst,0,1,0,0,0,0,2,108,0
async_fifo_src,550,2864000,wr,3,drain_burst,0,0,0,0,0,0,2,108,0
async_fifo_src,551,2870000,rd,3,drain_burst,0,0,0,0,0,0,2,108,0
async_fifo_src,552,2872000,wr,3,drain_burst,0,0,0,0,0,0,2,108,0
async_fifo_src,553,2880000,wr,3,drain_burst,0,1,0,0,0,0,2,108,0
async_fifo_src,554,2884000,rd,3,drain_burst,0,1,0,1,0,0,1,109,0
async_fifo_src,555,2888000,wr,3,drain_burst,0,1,0,0,0,0,1,109,0
async_fifo_src,556,2896000,wr,3,drain_burst,0,0,0,0,0,0,1,109,0
async_fifo_src,557,2898000,rd,3,drain_burst,0,0,0,0,0,0,1,109,0
async_fifo_src,558,2904000,wr,3,drain_burst,0,1,0,0,0,0,1,109,0
async_fifo_src,559,2912000,rd,3,drain_burst,0,1,0,1,0,1,0,110,0
async_fifo_src,560,2912000,wr,3,drain_burst,0,1,0,0,0,1,0,110,0
async_fifo_src,561,2920000,wr,3,drain_burst,0,0,0,0,0,1,0,110,0
async_fifo_src,562,2926000,rd,3,drain_burst,0,0,0,0,0,1,0,110,0
async_fifo_src,563,2928000,wr,3,drain_burst,1,0,1,0,0,1,1,111,0
async_fifo_src,564,2936000,wr,3,drain_burst,0,1,0,0,0,1,1,111,0
async_fifo_src,565,2940000,rd,3,drain_burst,0,1,0,0,0,1,1,111,0
async_fifo_src,566,2944000,wr,3,drain_burst,0,1,0,0,0,1,1,111,0
async_fifo_src,567,2952000,wr,3,drain_burst,0,0,0,0,0,1,1,111,0
async_fifo_src,568,2954000,rd,3,drain_burst,0,0,0,0,0,1,1,111,0
async_fifo_src,569,2960000,wr,3,drain_burst,0,1,0,0,0,1,1,111,0
async_fifo_src,570,2968000,rd,3,drain_burst,0,1,0,0,0,0,1,111,0
async_fifo_src,571,2968000,wr,3,drain_burst,0,1,0,0,0,0,1,111,0
async_fifo_src,572,2976000,wr,3,drain_burst,0,0,0,0,0,0,1,111,0
async_fifo_src,573,2982000,rd,3,drain_burst,0,0,0,0,0,0,1,111,0
async_fifo_src,574,2984000,wr,3,drain_burst,0,0,0,0,0,0,1,111,0
async_fifo_src,575,2992000,wr,3,drain_burst,0,1,0,0,0,1,1,111,0
async_fifo_src,576,2996000,rd,3,drain_burst,0,1,0,1,0,1,0,112,0
async_fifo_src,577,3000000,wr,3,drain_burst,0,1,0,0,0,1,0,112,0
async_fifo_src,578,3008000,wr,3,drain_burst,0,0,0,0,0,1,0,112,0
async_fifo_src,579,3010000,rd,3,drain_burst,0,0,0,0,0,1,0,112,0
async_fifo_src,580,3016000,wr,3,drain_burst,0,1,0,0,0,1,0,112,0
async_fifo_src,581,3024000,rd,3,drain_burst,0,1,0,0,0,1,0,112,0
async_fifo_src,582,3024000,wr,3,drain_burst,0,1,0,0,0,1,0,112,0
async_fifo_src,583,3032000,wr,3,drain_burst,0,0,0,0,0,1,0,112,0
async_fifo_src,584,3038000,rd,3,drain_burst,0,0,0,0,0,1,0,112,0
async_fifo_src,585,3040000,wr,3,drain_burst,1,0,1,0,0,1,1,113,0
async_fifo_src,586,3048000,wr,3,drain_burst,0,1,0,0,0,1,1,113,0
async_fifo_src,587,3052000,rd,3,drain_burst,0,1,0,0,0,1,1,113,0
async_fifo_src,588,3056000,wr,3,drain_burst,0,1,0,0,0,1,1,113,0
async_fifo_src,589,3064000,wr,3,drain_burst,0,0,0,0,0,1,1,113,0
async_fifo_src,590,3066000,rd,3,drain_burst,0,0,0,0,0,1,1,113,0
async_fifo_src,591,3072000,wr,3,drain_burst,0,1,0,0,0,1,1,113,0
async_fifo_src,592,3080000,rd,3,drain_burst,0,1,0,0,0,0,1,113,0
async_fifo_src,593,3080000,wr,3,drain_burst,0,1,0,0,0,0,1,113,0
async_fifo_src,594,3088000,wr,3,drain_burst,0,0,0,0,0,0,1,113,0
async_fifo_src,595,3094000,rd,3,drain_burst,0,0,0,0,0,0,1,113,0
async_fifo_src,596,3096000,wr,3,drain_burst,0,0,0,0,0,0,1,113,0
async_fifo_src,597,3104000,wr,3,drain_burst,0,1,0,0,0,1,1,113,0
async_fifo_src,598,3108000,rd,3,drain_burst,0,1,0,1,0,1,0,114,0
async_fifo_src,599,3112000,wr,3,drain_burst,0,1,0,0,0,1,0,114,0
async_fifo_src,600,3120000,wr,3,drain_burst,0,0,0,0,0,1,0,114,0
async_fifo_src,601,3122000,rd,3,drain_burst,0,0,0,0,0,1,0,114,0
async_fifo_src,602,3128000,wr,3,drain_burst,0,1,0,0,0,1,0,114,0
async_fifo_src,603,3136000,rd,3,drain_burst,0,1,0,0,0,1,0,114,0
async_fifo_src,604,3136000,wr,3,drain_burst,0,1,0,0,0,1,0,114,0
async_fifo_src,605,3144000,wr,3,drain_burst,0,0,0,0,0,1,0,114,0
async_fifo_src,606,3150000,rd,3,drain_burst,0,0,0,0,0,1,0,114,0
async_fifo_src,607,3152000,wr,3,drain_burst,1,0,1,0,0,1,1,115,0
async_fifo_src,608,3160000,wr,3,drain_burst,0,1,0,0,0,1,1,115,0
async_fifo_src,609,3164000,rd,3,drain_burst,0,1,0,0,0,1,1,115,0
async_fifo_src,610,3168000,wr,3,drain_burst,0,1,0,0,0,1,1,115,0
async_fifo_src,611,3176000,wr,3,drain_burst,0,0,0,0,0,1,1,115,0
async_fifo_src,612,3178000,rd,3,drain_burst,0,0,0,0,0,1,1,115,0
async_fifo_src,613,3184000,wr,3,drain_burst,0,1,0,0,0,1,1,115,0
async_fifo_src,614,3192000,rd,3,drain_burst,0,1,0,0,0,0,1,115,0
async_fifo_src,615,3192000,wr,3,drain_burst,0,1,0,0,0,0,1,115,0
async_fifo_src,616,3200000,wr,3,drain_burst,0,0,0,0,0,0,1,115,0
async_fifo_src,617,3206000,rd,3,drain_burst,0,0,0,0,0,0,1,115,0
async_fifo_src,618,3208000,wr,3,drain_burst,1,0,1,0,0,0,2,116,0
async_fifo_src,619,3216000,wr,3,drain_burst,0,1,0,0,0,1,2,116,0
async_fifo_src,620,3220000,rd,3,drain_burst,0,1,0,1,0,1,1,117,0
async_fifo_src,621,3224000,wr,3,drain_burst,0,1,0,0,0,1,1,117,0
async_fifo_src,622,3232000,wr,3,drain_burst,0,0,0,0,0,1,1,117,0
async_fifo_src,623,3234000,rd,3,drain_burst,0,0,0,0,0,1,1,117,0
async_fifo_src,624,3240000,wr,3,drain_burst,0,1,0,0,0,1,1,117,0
async_fifo_src,625,3248000,rd,3,drain_burst,0,1,0,0,0,0,1,117,0
async_fifo_src,626,3248000,wr,3,drain_burst,0,1,0,0,0,0,1,117,0
async_fifo_src,627,3256000,wr,3,drain_burst,0,0,0,0,0,0,1,117,0
async_fifo_src,628,3262000,rd,3,drain_burst,0,0,0,0,0,0,1,117,0
async_fifo_src,629,3264000,wr,3,drain_burst,0,0,0,0,0,0,1,117,0
async_fifo_src,630,3272000,wr,3,drain_burst,0,1,0,0,0,1,1,117,0
async_fifo_src,631,3276000,rd,3,drain_burst,0,1,0,1,0,1,0,118,0
async_fifo_src,632,3280000,wr,3,drain_burst,0,1,0,0,0,1,0,118,0
async_fifo_src,633,3288000,wr,3,drain_burst,0,0,0,0,0,1,0,118,0
async_fifo_src,634,3290000,rd,3,drain_burst,0,0,0,0,0,1,0,118,0
async_fifo_src,635,3296000,wr,3,drain_burst,0,1,0,0,0,1,0,118,0
async_fifo_src,636,3304000,rd,3,drain_burst,0,1,0,0,0,1,0,118,0
async_fifo_src,637,3304000,wr,3,drain_burst,0,1,0,0,0,1,0,118,0
async_fifo_src,638,3312000,wr,3,drain_burst,0,0,0,0,0,1,0,118,0
async_fifo_src,639,3318000,rd,3,drain_burst,0,0,0,0,0,1,0,118,0
async_fifo_src,640,3320000,wr,3,drain_burst,0,0,0,0,0,1,0,118,0
async_fifo_src,641,3328000,wr,3,drain_burst,0,1,0,0,0,1,0,118,0
async_fifo_src,642,3332000,rd,3,drain_burst,0,1,0,0,0,1,0,118,0
async_fifo_src,643,3336000,wr,3,drain_burst,0,1,0,0,0,1,0,118,0
async_fifo_src,644,3344000,wr,3,drain_burst,1,0,1,0,0,1,1,119,0
async_fifo_src,645,3346000,rd,3,drain_burst,1,0,0,0,0,1,1,119,0
async_fifo_src,646,3352000,wr,3,drain_burst,0,1,0,0,0,1,1,119,0
async_fifo_src,647,3360000,rd,3,drain_burst,0,1,0,0,0,1,1,119,0
async_fifo_src,648,3360000,wr,3,drain_burst,0,1,0,0,0,1,1,119,0
async_fifo_src,649,3368000,wr,3,drain_burst,0,0,0,0,0,1,1,119,0
async_fifo_src,650,3374000,rd,3,drain_burst,0,0,0,0,0,1,1,119,0
async_fifo_src,651,3376000,wr,3,drain_burst,0,0,0,0,0,1,1,119,0
async_fifo_src,652,3384000,wr,3,drain_burst,0,1,0,0,0,0,1,119,0
async_fifo_src,653,3388000,rd,3,drain_burst,0,1,0,0,0,0,1,119,0
async_fifo_src,654,3392000,wr,3,drain_burst,0,1,0,0,0,0,1,119,0
async_fifo_src,655,3400000,wr,3,drain_burst,0,0,0,0,0,0,1,119,0
async_fifo_src,656,3402000,rd,3,drain_burst,0,0,0,0,0,0,1,119,0
async_fifo_src,657,3408000,wr,3,drain_burst,0,1,0,0,0,0,1,119,0
async_fifo_src,658,3416000,rd,3,drain_burst,0,1,0,1,0,1,0,120,0
async_fifo_src,659,3416000,wr,3,drain_burst,0,1,0,0,0,1,0,120,0
async_fifo_src,660,3424000,wr,3,drain_burst,0,0,0,0,0,1,0,120,0
async_fifo_src,661,3430000,rd,3,drain_burst,0,0,0,0,0,1,0,120,0
async_fifo_src,662,3432000,wr,3,drain_burst,0,0,0,0,0,1,0,120,0
async_fifo_src,663,3440000,wr,3,drain_burst,0,1,0,0,0,1,0,120,0
async_fifo_src,664,3444000,rd,3,drain_burst,0,1,0,0,0,1,0,120,0
async_fifo_src,665,3448000,wr,3,drain_burst,0,1,0,0,0,1,0,120,0
async_fifo_src,666,3456000,wr,3,drain_burst,1,0,1,0,0,1,1,121,0
async_fifo_src,667,3458000,rd,3,drain_burst,1,0,0,0,0,1,1,121,0
async_fifo_src,668,3464000,wr,3,drain_burst,0,1,0,0,0,1,1,121,0
async_fifo_src,669,3472000,rd,3,drain_burst,0,1,0,0,0,1,1,121,0
async_fifo_src,670,3472000,wr,3,drain_burst,0,1,0,0,0,1,1,121,0
async_fifo_src,671,3480000,wr,3,drain_burst,0,0,0,0,0,1,1,121,0
async_fifo_src,672,3486000,rd,3,drain_burst,0,0,0,0,0,1,1,121,0
async_fifo_src,673,3488000,wr,3,drain_burst,0,0,0,0,0,1,1,121,0
async_fifo_src,674,3496000,wr,3,drain_burst,0,1,0,0,0,0,1,121,0
async_fifo_src,675,3500000,rd,3,drain_burst,0,1,0,0,0,0,1,121,0
async_fifo_src,676,3504000,wr,3,drain_burst,0,1,0,0,0,0,1,121,0
async_fifo_src,677,3512000,wr,3,drain_burst,0,0,0,0,0,0,1,121,0
async_fifo_src,678,3514000,rd,3,drain_burst,0,0,0,0,0,0,1,121,0
async_fifo_src,679,3520000,wr,3,drain_burst,0,1,0,0,0,0,1,121,0
async_fifo_src,680,3528000,rd,3,drain_burst,0,1,0,1,0,1,0,122,0
async_fifo_src,681,3528000,wr,3,drain_burst,0,1,0,0,0,1,0,122,0
async_fifo_src,682,3536000,wr,3,drain_burst,0,0,0,0,0,1,0,122,0
async_fifo_src,683,3542000,rd,3,drain_burst,0,0,0,0,0,1,0,122,0
async_fifo_src,684,3544000,wr,3,drain_burst,0,0,0,0,0,1,0,122,0
async_fifo_src,685,3552000,wr,3,drain_burst,0,1,0,0,0,1,0,122,0
async_fifo_src,686,3556000,rd,3,drain_burst,0,1,0,0,0,1,0,122,0
async_fifo_src,687,3560000,wr,3,drain_burst,0,1,0,0,0,1,0,122,0
async_fifo_src,688,3568000,wr,3,drain_burst,0,0,0,0,0,1,0,122,0
async_fifo_src,689,3570000,rd,3,drain_burst,0,0,0,0,0,1,0,122,0
async_fifo_src,690,3576000,wr,3,drain_burst,0,1,0,0,0,1,0,122,0
async_fifo_src,691,3584000,rd,3,drain_burst,0,1,0,0,0,1,0,122,0
async_fifo_src,692,3584000,wr,3,drain_burst,0,1,0,0,0,1,0,122,0
async_fifo_src,693,3592000,wr,4,full_pressure,0,0,0,0,0,1,0,122,0
async_fifo_src,694,3598000,rd,4,full_pressure,0,0,0,0,0,1,0,122,0
async_fifo_src,695,3600000,wr,4,full_pressure,1,0,1,0,0,1,1,123,0
async_fifo_src,696,3608000,wr,4,full_pressure,0,0,0,0,0,1,1,123,0
async_fifo_src,697,3612000,rd,4,full_pressure,0,0,0,0,0,1,1,123,0
async_fifo_src,698,3616000,wr,4,full_pressure,0,0,0,0,0,1,1,123,0
async_fifo_src,699,3624000,wr,4,full_pressure,1,0,1,0,0,1,2,124,0
async_fifo_src,700,3626000,rd,4,full_pressure,1,0,0,0,0,1,2,124,0
async_fifo_src,701,3632000,wr,4,full_pressure,0,0,0,0,0,1,2,124,0
async_fifo_src,702,3640000,rd,4,full_pressure,0,0,0,0,0,0,2,124,0
async_fifo_src,703,3640000,wr,4,full_pressure,0,0,0,0,0,0,2,124,0
async_fifo_src,704,3648000,wr,4,full_pressure,0,0,0,0,0,0,2,124,0
async_fifo_src,705,3654000,rd,4,full_pressure,0,0,0,0,0,0,2,124,0
async_fifo_src,706,3656000,wr,4,full_pressure,1,0,1,0,0,0,3,125,0
async_fifo_src,707,3664000,wr,4,full_pressure,0,1,0,0,0,0,3,125,0
async_fifo_src,708,3668000,rd,4,full_pressure,0,1,0,1,0,0,2,126,0
async_fifo_src,709,3672000,wr,4,full_pressure,0,1,0,0,0,0,2,126,0
async_fifo_src,710,3680000,wr,4,full_pressure,1,0,1,0,0,0,3,127,0
async_fifo_src,711,3682000,rd,4,full_pressure,1,0,0,0,0,0,3,127,0
async_fifo_src,712,3688000,wr,4,full_pressure,0,0,0,0,0,0,3,127,0
async_fifo_src,713,3696000,rd,4,full_pressure,0,0,0,0,0,0,3,127,0
async_fifo_src,714,3696000,wr,4,full_pressure,0,0,0,0,0,0,3,127,0
async_fifo_src,715,3704000,wr,4,full_pressure,0,0,0,0,0,0,3,127,0
async_fifo_src,716,3710000,rd,4,full_pressure,0,0,0,0,0,0,3,127,0
async_fifo_src,717,3712000,wr,4,full_pressure,1,0,1,0,0,0,4,128,0
async_fifo_src,718,3720000,wr,4,full_pressure,0,1,0,0,0,0,4,128,0
async_fifo_src,719,3724000,rd,4,full_pressure,0,1,0,1,0,0,3,129,0
async_fifo_src,720,3728000,wr,4,full_pressure,0,1,0,0,0,0,3,129,0
async_fifo_src,721,3736000,wr,4,full_pressure,1,0,1,0,0,0,4,130,0
async_fifo_src,722,3738000,rd,4,full_pressure,1,0,0,0,0,0,4,130,0
async_fifo_src,723,3744000,wr,4,full_pressure,0,0,0,0,0,0,4,130,0
async_fifo_src,724,3752000,rd,4,full_pressure,0,0,0,0,0,0,4,130,0
async_fifo_src,725,3752000,wr,4,full_pressure,0,0,0,0,0,0,4,130,0
async_fifo_src,726,3760000,wr,4,full_pressure,0,0,0,0,0,0,4,130,0
async_fifo_src,727,3766000,rd,4,full_pressure,0,0,0,0,0,0,4,130,0
async_fifo_src,728,3768000,wr,4,full_pressure,1,0,1,0,0,0,5,131,0
async_fifo_src,729,3776000,wr,4,full_pressure,0,1,0,0,0,0,5,131,0
async_fifo_src,730,3780000,rd,4,full_pressure,0,1,0,1,0,0,4,132,0
async_fifo_src,731,3784000,wr,4,full_pressure,0,1,0,0,0,0,4,132,0
async_fifo_src,732,3792000,wr,4,full_pressure,1,0,1,0,0,0,5,133,0
async_fifo_src,733,3794000,rd,4,full_pressure,1,0,0,0,0,0,5,133,0
async_fifo_src,734,3800000,wr,4,full_pressure,0,1,0,0,0,0,5,133,0
async_fifo_src,735,3808000,rd,4,full_pressure,0,1,0,1,0,0,4,134,0
async_fifo_src,736,3808000,wr,4,full_pressure,0,1,0,0,0,0,4,134,0
async_fifo_src,737,3816000,wr,4,full_pressure,0,0,0,0,0,0,4,134,0
async_fifo_src,738,3822000,rd,4,full_pressure,0,0,0,0,0,0,4,134,0
async_fifo_src,739,3824000,wr,4,full_pressure,1,0,1,0,0,0,5,135,0
async_fifo_src,740,3832000,wr,4,full_pressure,0,0,0,0,0,0,5,135,0
async_fifo_src,741,3836000,rd,4,full_pressure,0,0,0,0,0,0,5,135,0
async_fifo_src,742,3840000,wr,4,full_pressure,0,0,0,0,0,0,5,135,0
async_fifo_src,743,3848000,wr,4,full_pressure,1,0,1,0,0,0,6,136,0
async_fifo_src,744,3850000,rd,4,full_pressure,1,0,0,0,0,0,6,136,0
async_fifo_src,745,3856000,wr,4,full_pressure,0,0,0,0,0,0,6,136,0
async_fifo_src,746,3864000,rd,4,full_pressure,0,0,0,0,0,0,6,136,0
async_fifo_src,747,3864000,wr,4,full_pressure,0,0,0,0,0,0,6,136,0
async_fifo_src,748,3872000,wr,4,full_pressure,0,0,0,0,0,0,6,136,0
async_fifo_src,749,3878000,rd,4,full_pressure,0,0,0,0,0,0,6,136,0
async_fifo_src,750,3880000,wr,4,full_pressure,1,0,1,0,0,0,7,137,0
async_fifo_src,751,3888000,wr,4,full_pressure,0,0,0,0,0,0,7,137,0
async_fifo_src,752,3892000,rd,4,full_pressure,0,0,0,0,0,0,7,137,0
async_fifo_src,753,3896000,wr,4,full_pressure,0,0,0,0,0,0,7,137,0
async_fifo_src,754,3904000,wr,4,full_pressure,1,0,1,0,0,0,8,138,0
async_fifo_src,755,3906000,rd,4,full_pressure,1,0,0,0,0,0,8,138,0
async_fifo_src,756,3912000,wr,4,full_pressure,0,0,0,0,0,0,8,138,0
async_fifo_src,757,3920000,rd,4,full_pressure,0,0,0,0,0,0,8,138,0
async_fifo_src,758,3920000,wr,4,full_pressure,0,0,0,0,0,0,8,138,0
async_fifo_src,759,3928000,wr,4,full_pressure,0,0,0,0,0,0,8,138,0
async_fifo_src,760,3934000,rd,4,full_pressure,0,0,0,0,0,0,8,138,0
async_fifo_src,761,3936000,wr,4,full_pressure,1,0,1,0,0,0,9,139,0
async_fifo_src,762,3944000,wr,4,full_pressure,0,0,0,0,0,0,9,139,0
async_fifo_src,763,3948000,rd,4,full_pressure,0,0,0,0,0,0,9,139,0
async_fifo_src,764,3952000,wr,4,full_pressure,0,0,0,0,0,0,9,139,0
async_fifo_src,765,3960000,wr,4,full_pressure,1,0,1,0,0,0,10,140,0
async_fifo_src,766,3962000,rd,4,full_pressure,1,0,0,0,0,0,10,140,0
async_fifo_src,767,3968000,wr,4,full_pressure,0,1,0,0,0,0,10,140,0
async_fifo_src,768,3976000,rd,4,full_pressure,0,1,0,1,0,0,9,141,0
async_fifo_src,769,3976000,wr,4,full_pressure,0,1,0,0,0,0,9,141,0
async_fifo_src,770,3984000,wr,4,full_pressure,0,0,0,0,0,0,9,141,0
async_fifo_src,771,3990000,rd,4,full_pressure,0,0,0,0,0,0,9,141,0
async_fifo_src,772,3992000,wr,4,full_pressure,1,0,1,0,0,0,10,142,0
async_fifo_src,773,4000000,wr,4,full_pressure,0,0,0,0,0,0,10,142,0
async_fifo_src,774,4004000,rd,4,full_pressure,0,0,0,0,0,0,10,142,0
async_fifo_src,775,4008000,wr,4,full_pressure,0,0,0,0,0,0,10,142,0
async_fifo_src,776,4016000,wr,4,full_pressure,1,0,1,0,0,0,11,143,0
async_fifo_src,777,4018000,rd,4,full_pressure,1,0,0,0,0,0,11,143,0
async_fifo_src,778,4024000,wr,4,full_pressure,0,0,0,0,0,0,11,143,0
async_fifo_src,779,4032000,rd,4,full_pressure,0,0,0,0,0,0,11,143,0
async_fifo_src,780,4032000,wr,4,full_pressure,0,0,0,0,0,0,11,143,0
async_fifo_src,781,4040000,wr,4,full_pressure,0,0,0,0,0,0,11,143,0
async_fifo_src,782,4046000,rd,4,full_pressure,0,0,0,0,0,0,11,143,0
async_fifo_src,783,4048000,wr,4,full_pressure,1,0,1,0,0,0,12,144,0
async_fifo_src,784,4056000,wr,4,full_pressure,0,0,0,0,0,0,12,144,0
async_fifo_src,785,4060000,rd,4,full_pressure,0,0,0,0,0,0,12,144,0
async_fifo_src,786,4064000,wr,4,full_pressure,0,0,0,0,0,0,12,144,0
async_fifo_src,787,4072000,wr,4,full_pressure,1,0,1,0,0,0,13,145,0
async_fifo_src,788,4074000,rd,4,full_pressure,1,0,0,0,0,0,13,145,0
async_fifo_src,789,4080000,wr,4,full_pressure,0,1,0,0,0,0,13,145,0
async_fifo_src,790,4088000,rd,4,full_pressure,0,1,0,1,0,0,12,146,0
async_fifo_src,791,4088000,wr,4,full_pressure,0,1,0,0,0,0,12,146,0
async_fifo_src,792,4096000,wr,4,full_pressure,0,0,0,0,0,0,12,146,0
async_fifo_src,793,4102000,rd,4,full_pressure,0,0,0,0,0,0,12,146,0
async_fifo_src,794,4104000,wr,4,full_pressure,1,0,1,0,0,0,13,147,0
async_fifo_src,795,4112000,wr,4,full_pressure,0,0,0,0,0,0,13,147,0
async_fifo_src,796,4116000,rd,4,full_pressure,0,0,0,0,0,0,13,147,0
async_fifo_src,797,4120000,wr,4,full_pressure,0,0,0,0,0,0,13,147,0
async_fifo_src,798,4128000,wr,4,full_pressure,1,0,1,0,0,0,14,148,0
async_fifo_src,799,4130000,rd,4,full_pressure,1,0,0,0,0,0,14,148,0
async_fifo_src,800,4136000,wr,4,full_pressure,0,0,0,0,0,0,14,148,0
async_fifo_src,801,4144000,rd,4,full_pressure,0,0,0,0,0,0,14,148,0
async_fifo_src,802,4144000,wr,4,full_pressure,0,0,0,0,0,0,14,148,0
async_fifo_src,803,4152000,wr,4,full_pressure,0,0,0,0,0,0,14,148,0
async_fifo_src,804,4158000,rd,4,full_pressure,0,0,0,0,0,0,14,148,0
async_fifo_src,805,4160000,wr,4,full_pressure,1,0,1,0,0,0,15,149,0
async_fifo_src,806,4168000,wr,4,full_pressure,0,0,0,0,0,0,15,149,0
async_fifo_src,807,4172000,rd,4,full_pressure,0,0,0,0,0,0,15,149,0
async_fifo_src,808,4176000,wr,4,full_pressure,0,0,0,0,0,0,15,149,0
async_fifo_src,809,4184000,wr,4,full_pressure,1,0,1,0,1,0,16,150,0
async_fifo_src,810,4186000,rd,4,full_pressure,1,0,0,0,1,0,16,150,0
async_fifo_src,811,4192000,wr,4,full_pressure,0,0,0,0,1,0,16,150,0
async_fifo_src,812,4200000,rd,4,full_pressure,0,0,0,0,1,0,16,150,0
async_fifo_src,813,4200000,wr,4,full_pressure,0,0,0,0,1,0,16,150,0
async_fifo_src,814,4208000,wr,4,full_pressure,0,0,0,0,1,0,16,150,0
async_fifo_src,815,4214000,rd,4,full_pressure,0,0,0,0,1,0,16,150,0
async_fifo_src,816,4216000,wr,4,full_pressure,1,0,0,0,1,0,16,150,0
async_fifo_src,817,4224000,wr,4,full_pressure,0,0,0,0,1,0,16,150,0
async_fifo_src,818,4228000,rd,4,full_pressure,0,0,0,0,1,0,16,150,0
async_fifo_src,819,4232000,wr,4,full_pressure,0,0,0,0,1,0,16,150,0
async_fifo_src,820,4240000,wr,4,full_pressure,1,0,0,0,1,0,16,150,0
async_fifo_src,821,4242000,rd,4,full_pressure,1,0,0,0,1,0,16,150,0
async_fifo_src,822,4248000,wr,4,full_pressure,0,0,0,0,1,0,16,150,0
async_fifo_src,823,4256000,rd,4,full_pressure,0,0,0,0,1,0,16,150,0
async_fifo_src,824,4256000,wr,4,full_pressure,0,0,0,0,1,0,16,150,0
async_fifo_src,825,4264000,wr,4,full_pressure,0,0,0,0,1,0,16,150,0
async_fifo_src,826,4270000,rd,4,full_pressure,0,0,0,0,1,0,16,150,0
async_fifo_src,827,4272000,wr,4,full_pressure,1,0,0,0,1,0,16,150,0
async_fifo_src,828,4280000,wr,4,full_pressure,0,0,0,0,1,0,16,150,0
async_fifo_src,829,4284000,rd,4,full_pressure,0,0,0,0,1,0,16,150,0
async_fifo_src,830,4288000,wr,4,full_pressure,0,0,0,0,1,0,16,150,0
async_fifo_src,831,4296000,wr,4,full_pressure,1,0,0,0,1,0,16,150,0
async_fifo_src,832,4298000,rd,4,full_pressure,1,0,0,0,1,0,16,150,0
async_fifo_src,833,4304000,wr,4,full_pressure,0,0,0,0,1,0,16,150,0
async_fifo_src,834,4312000,rd,4,full_pressure,0,0,0,0,1,0,16,150,0
async_fifo_src,835,4312000,wr,4,full_pressure,0,0,0,0,1,0,16,150,0
async_fifo_src,836,4320000,wr,4,full_pressure,0,0,0,0,1,0,16,150,0
async_fifo_src,837,4326000,rd,4,full_pressure,0,0,0,0,1,0,16,150,0
async_fifo_src,838,4328000,wr,4,full_pressure,1,0,0,0,1,0,16,150,0
async_fifo_src,839,4336000,wr,4,full_pressure,0,0,0,0,1,0,16,150,0
async_fifo_src,840,4340000,rd,4,full_pressure,0,0,0,0,1,0,16,150,0
async_fifo_src,841,4344000,wr,4,full_pressure,0,0,0,0,1,0,16,150,0
async_fifo_src,842,4352000,wr,4,full_pressure,1,0,0,0,1,0,16,150,0
async_fifo_src,843,4354000,rd,4,full_pressure,1,0,0,0,1,0,16,150,0
async_fifo_src,844,4360000,wr,4,full_pressure,0,0,0,0,1,0,16,150,0
async_fifo_src,845,4368000,rd,4,full_pressure,0,0,0,0,1,0,16,150,0
async_fifo_src,846,4368000,wr,4,full_pressure,0,0,0,0,1,0,16,150,0
async_fifo_src,847,4376000,wr,4,full_pressure,0,0,0,0,1,0,16,150,0
async_fifo_src,848,4382000,rd,4,full_pressure,0,0,0,0,1,0,16,150,0
async_fifo_src,849,4384000,wr,4,full_pressure,1,0,0,0,1,0,16,150,0
async_fifo_src,850,4392000,wr,4,full_pressure,0,1,0,0,1,0,16,150,0
async_fifo_src,851,4396000,rd,4,full_pressure,0,1,0,1,1,0,15,151,0
async_fifo_src,852,4400000,wr,4,full_pressure,0,1,0,0,1,0,15,151,0
async_fifo_src,853,4408000,wr,4,full_pressure,1,0,0,0,1,0,15,151,0
async_fifo_src,854,4410000,rd,4,full_pressure,1,0,0,0,1,0,15,151,0
async_fifo_src,855,4416000,wr,4,full_pressure,0,1,0,0,0,0,15,151,0
async_fifo_src,856,4424000,rd,4,full_pressure,0,1,0,1,0,0,14,152,0
async_fifo_src,857,4424000,wr,4,full_pressure,0,1,0,0,0,0,14,152,0
async_fifo_src,858,4432000,wr,4,full_pressure,0,0,0,0,0,0,14,152,0
async_fifo_src,859,4438000,rd,4,full_pressure,0,0,0,0,0,0,14,152,0
async_fifo_src,860,4440000,wr,4,full_pressure,1,0,1,0,0,0,15,153,0
async_fifo_src,861,4448000,wr,4,full_pressure,0,0,0,0,0,0,15,153,0
async_fifo_src,862,4452000,rd,4,full_pressure,0,0,0,0,0,0,15,153,0
async_fifo_src,863,4456000,wr,4,full_pressure,0,0,0,0,0,0,15,153,0
async_fifo_src,864,4464000,wr,4,full_pressure,1,0,1,0,1,0,16,154,0
async_fifo_src,865,4466000,rd,4,full_pressure,1,0,0,0,1,0,16,154,0
async_fifo_src,866,4472000,wr,4,full_pressure,0,0,0,0,1,0,16,154,0
async_fifo_src,867,4480000,rd,4,full_pressure,0,0,0,0,1,0,16,154,0
async_fifo_src,868,4480000,wr,4,full_pressure,0,0,0,0,1,0,16,154,0
async_fifo_src,869,4488000,wr,4,full_pressure,0,0,0,0,1,0,16,154,0
async_fifo_src,870,4494000,rd,4,full_pressure,0,0,0,0,1,0,16,154,0
async_fifo_src,871,4496000,wr,4,full_pressure,1,0,0,0,1,0,16,154,0
async_fifo_src,872,4504000,wr,4,full_pressure,0,0,0,0,1,0,16,154,0
async_fifo_src,873,4508000,rd,4,full_pressure,0,0,0,0,1,0,16,154,0
async_fifo_src,874,4512000,wr,4,full_pressure,0,0,0,0,1,0,16,154,0
async_fifo_src,875,4520000,wr,4,full_pressure,1,0,0,0,1,0,16,154,0
async_fifo_src,876,4522000,rd,4,full_pressure,1,0,0,0,1,0,16,154,0
async_fifo_src,877,4528000,wr,4,full_pressure,0,1,0,0,1,0,16,154,0
async_fifo_src,878,4536000,rd,4,full_pressure,0,1,0,1,1,0,15,155,0
async_fifo_src,879,4536000,wr,4,full_pressure,0,1,0,0,1,0,15,155,0
async_fifo_src,880,4544000,wr,4,full_pressure,0,0,0,0,1,0,15,155,0
async_fifo_src,881,4550000,rd,4,full_pressure,0,0,0,0,0,0,15,155,0
async_fifo_src,882,4552000,wr,4,full_pressure,1,0,0,0,0,0,15,155,0
async_fifo_src,883,4560000,wr,4,full_pressure,0,0,0,0,0,0,15,155,0
async_fifo_src,884,4564000,rd,4,full_pressure,0,0,0,0,0,0,15,155,0
async_fifo_src,885,4568000,wr,4,full_pressure,0,0,0,0,0,0,15,155,0
async_fifo_src,886,4576000,wr,4,full_pressure,1,0,1,0,1,0,16,156,0
async_fifo_src,887,4578000,rd,4,full_pressure,1,0,0,0,1,0,16,156,0
async_fifo_src,888,4584000,wr,4,full_pressure,0,0,0,0,1,0,16,156,0
async_fifo_src,889,4592000,rd,4,full_pressure,0,0,0,0,1,0,16,156,0
async_fifo_src,890,4592000,wr,4,full_pressure,0,0,0,0,1,0,16,156,0
async_fifo_src,891,4600000,wr,4,full_pressure,0,0,0,0,1,0,16,156,0
async_fifo_src,892,4606000,rd,4,full_pressure,0,0,0,0,1,0,16,156,0
async_fifo_src,893,4608000,wr,4,full_pressure,1,0,0,0,1,0,16,156,0
async_fifo_src,894,4616000,wr,4,full_pressure,0,0,0,0,1,0,16,156,0
async_fifo_src,895,4620000,rd,4,full_pressure,0,0,0,0,1,0,16,156,0
async_fifo_src,896,4624000,wr,4,full_pressure,0,0,0,0,1,0,16,156,0
async_fifo_src,897,4632000,wr,4,full_pressure,1,0,0,0,1,0,16,156,0
async_fifo_src,898,4634000,rd,4,full_pressure,1,0,0,0,1,0,16,156,0
async_fifo_src,899,4640000,wr,4,full_pressure,0,0,0,0,1,0,16,156,0
async_fifo_src,900,4648000,rd,4,full_pressure,0,0,0,0,1,0,16,156,0
async_fifo_src,901,4648000,wr,4,full_pressure,0,0,0,0,1,0,16,156,0
async_fifo_src,902,4656000,wr,4,full_pressure,0,0,0,0,1,0,16,156,0
async_fifo_src,903,4662000,rd,4,full_pressure,0,0,0,0,1,0,16,156,0
async_fifo_src,904,4664000,wr,4,full_pressure,1,0,0,0,1,0,16,156,0
async_fifo_src,905,4672000,wr,4,full_pressure,0,0,0,0,1,0,16,156,0
async_fifo_src,906,4676000,rd,4,full_pressure,0,0,0,0,1,0,16,156,0
async_fifo_src,907,4680000,wr,4,full_pressure,0,0,0,0,1,0,16,156,0
async_fifo_src,908,4688000,wr,4,full_pressure,1,0,0,0,1,0,16,156,0
async_fifo_src,909,4690000,rd,4,full_pressure,1,0,0,0,1,0,16,156,0
async_fifo_src,910,4696000,wr,4,full_pressure,0,1,0,0,1,0,16,156,0
async_fifo_src,911,4704000,rd,4,full_pressure,0,1,0,1,1,0,15,157,0
async_fifo_src,912,4704000,wr,4,full_pressure,0,1,0,0,1,0,15,157,0
async_fifo_src,913,4712000,wr,4,full_pressure,0,0,0,0,1,0,15,157,0
async_fifo_src,914,4718000,rd,4,full_pressure,0,0,0,0,0,0,15,157,0
async_fifo_src,915,4720000,wr,4,full_pressure,1,0,0,0,0,0,15,157,0
async_fifo_src,916,4728000,wr,4,full_pressure,0,1,0,0,0,0,15,157,0
async_fifo_src,917,4732000,rd,4,full_pressure,0,1,0,1,0,0,14,158,0
async_fifo_src,918,4736000,wr,4,full_pressure,0,1,0,0,0,0,14,158,0
async_fifo_src,919,4744000,wr,4,full_pressure,1,0,1,0,1,0,15,159,0
async_fifo_src,920,4746000,rd,4,full_pressure,1,0,0,0,1,0,15,159,0
async_fifo_src,921,4752000,wr,4,full_pressure,0,0,0,0,0,0,15,159,0
async_fifo_src,922,4760000,rd,4,full_pressure,0,0,0,0,0,0,15,159,0
async_fifo_src,923,4760000,wr,4,full_pressure,0,0,0,0,0,0,15,159,0
async_fifo_src,924,4768000,wr,5,empty_pressure,0,0,0,0,0,0,15,159,0
async_fifo_src,925,4774000,rd,5,empty_pressure,0,0,0,0,0,0,15,159,0
async_fifo_src,926,4776000,wr,5,empty_pressure,0,0,0,0,0,0,15,159,0
async_fifo_src,927,4784000,wr,5,empty_pressure,0,1,0,0,0,0,15,159,0
async_fifo_src,928,4788000,rd,5,empty_pressure,0,1,0,1,0,0,14,160,0
async_fifo_src,929,4792000,wr,5,empty_pressure,0,1,0,0,0,0,14,160,0
async_fifo_src,930,4800000,wr,5,empty_pressure,0,0,0,0,0,0,14,160,0
async_fifo_src,931,4802000,rd,5,empty_pressure,0,0,0,0,0,0,14,160,0
async_fifo_src,932,4808000,wr,5,empty_pressure,0,1,0,0,0,0,14,160,0
async_fifo_src,933,4816000,rd,5,empty_pressure,0,1,0,1,0,0,13,161,0
async_fifo_src,934,4816000,wr,5,empty_pressure,0,1,0,0,0,0,13,161,0
async_fifo_src,935,4824000,wr,5,empty_pressure,0,0,0,0,0,0,13,161,0
async_fifo_src,936,4830000,rd,5,empty_pressure,0,0,0,0,0,0,13,161,0
async_fifo_src,937,4832000,wr,5,empty_pressure,0,0,0,0,0,0,13,161,0
async_fifo_src,938,4840000,wr,5,empty_pressure,0,1,0,0,0,0,13,161,0
async_fifo_src,939,4844000,rd,5,empty_pressure,0,1,0,1,0,0,12,162,0
async_fifo_src,940,4848000,wr,5,empty_pressure,0,1,0,0,0,0,12,162,0
async_fifo_src,941,4856000,wr,5,empty_pressure,0,0,0,0,0,0,12,162,0
async_fifo_src,942,4858000,rd,5,empty_pressure,0,0,0,0,0,0,12,162,0
async_fifo_src,943,4864000,wr,5,empty_pressure,0,1,0,0,0,0,12,162,0
async_fifo_src,944,4872000,rd,5,empty_pressure,0,1,0,1,0,0,11,163,0
async_fifo_src,945,4872000,wr,5,empty_pressure,0,1,0,0,0,0,11,163,0
async_fifo_src,946,4880000,wr,5,empty_pressure,0,0,0,0,0,0,11,163,0
async_fifo_src,947,4886000,rd,5,empty_pressure,0,0,0,0,0,0,11,163,0
async_fifo_src,948,4888000,wr,5,empty_pressure,0,0,0,0,0,0,11,163,0
async_fifo_src,949,4896000,wr,5,empty_pressure,0,1,0,0,0,0,11,163,0
async_fifo_src,950,4900000,rd,5,empty_pressure,0,1,0,1,0,0,10,164,0
async_fifo_src,951,4904000,wr,5,empty_pressure,0,1,0,0,0,0,10,164,0
async_fifo_src,952,4912000,wr,5,empty_pressure,0,0,0,0,0,0,10,164,0
async_fifo_src,953,4914000,rd,5,empty_pressure,0,0,0,0,0,0,10,164,0
async_fifo_src,954,4920000,wr,5,empty_pressure,0,1,0,0,0,0,10,164,0
async_fifo_src,955,4928000,rd,5,empty_pressure,0,1,0,1,0,0,9,165,0
async_fifo_src,956,4928000,wr,5,empty_pressure,0,1,0,0,0,0,9,165,0
async_fifo_src,957,4936000,wr,5,empty_pressure,0,0,0,0,0,0,9,165,0
async_fifo_src,958,4942000,rd,5,empty_pressure,0,0,0,0,0,0,9,165,0
async_fifo_src,959,4944000,wr,5,empty_pressure,0,0,0,0,0,0,9,165,0
async_fifo_src,960,4952000,wr,5,empty_pressure,0,1,0,0,0,0,9,165,0
async_fifo_src,961,4956000,rd,5,empty_pressure,0,1,0,1,0,0,8,166,0
async_fifo_src,962,4960000,wr,5,empty_pressure,0,1,0,0,0,0,8,166,0
async_fifo_src,963,4968000,wr,5,empty_pressure,0,0,0,0,0,0,8,166,0
async_fifo_src,964,4970000,rd,5,empty_pressure,0,0,0,0,0,0,8,166,0
async_fifo_src,965,4976000,wr,5,empty_pressure,0,1,0,0,0,0,8,166,0
async_fifo_src,966,4984000,rd,5,empty_pressure,0,1,0,1,0,0,7,167,0
async_fifo_src,967,4984000,wr,5,empty_pressure,0,1,0,0,0,0,7,167,0
async_fifo_src,968,4992000,wr,5,empty_pressure,0,0,0,0,0,0,7,167,0
async_fifo_src,969,4998000,rd,5,empty_pressure,0,0,0,0,0,0,7,167,0
async_fifo_src,970,5000000,wr,5,empty_pressure,1,0,1,0,0,0,8,168,0
async_fifo_src,971,5008000,wr,5,empty_pressure,0,1,0,0,0,0,8,168,0
async_fifo_src,972,5012000,rd,5,empty_pressure,0,1,0,1,0,0,7,169,0
async_fifo_src,973,5016000,wr,5,empty_pressure,0,1,0,0,0,0,7,169,0
async_fifo_src,974,5024000,wr,5,empty_pressure,1,0,1,0,0,0,8,170,0
async_fifo_src,975,5026000,rd,5,empty_pressure,1,0,0,0,0,0,8,170,0
async_fifo_src,976,5032000,wr,5,empty_pressure,0,1,0,0,0,0,8,170,0
async_fifo_src,977,5040000,rd,5,empty_pressure,0,1,0,1,0,0,7,171,0
async_fifo_src,978,5040000,wr,5,empty_pressure,0,1,0,0,0,0,7,171,0
async_fifo_src,979,5048000,wr,5,empty_pressure,0,0,0,0,0,0,7,171,0
async_fifo_src,980,5054000,rd,5,empty_pressure,0,0,0,0,0,0,7,171,0
async_fifo_src,981,5056000,wr,5,empty_pressure,1,0,1,0,0,0,8,172,0
async_fifo_src,982,5064000,wr,5,empty_pressure,0,1,0,0,0,0,8,172,0
async_fifo_src,983,5068000,rd,5,empty_pressure,0,1,0,1,0,0,7,173,0
async_fifo_src,984,5072000,wr,5,empty_pressure,0,1,0,0,0,0,7,173,0
async_fifo_src,985,5080000,wr,5,empty_pressure,0,0,0,0,0,0,7,173,0
async_fifo_src,986,5082000,rd,5,empty_pressure,0,0,0,0,0,0,7,173,0
async_fifo_src,987,5088000,wr,5,empty_pressure,0,1,0,0,0,0,7,173,0
async_fifo_src,988,5096000,rd,5,empty_pressure,0,1,0,1,0,0,6,174,0
async_fifo_src,989,5096000,wr,5,empty_pressure,0,1,0,0,0,0,6,174,0
async_fifo_src,990,5104000,wr,5,empty_pressure,0,0,0,0,0,0,6,174,0
async_fifo_src,991,5110000,rd,5,empty_pressure,0,0,0,0,0,0,6,174,0
async_fifo_src,992,5112000,wr,5,empty_pressure,0,0,0,0,0,0,6,174,0
async_fifo_src,993,5120000,wr,5,empty_pressure,0,1,0,0,0,0,6,174,0
async_fifo_src,994,5124000,rd,5,empty_pressure,0,1,0,1,0,0,5,175,0
async_fifo_src,995,5128000,wr,5,empty_pressure,0,1,0,0,0,0,5,175,0
async_fifo_src,996,5136000,wr,5,empty_pressure,0,0,0,0,0,0,5,175,0
async_fifo_src,997,5138000,rd,5,empty_pressure,0,0,0,0,0,0,5,175,0
async_fifo_src,998,5144000,wr,5,empty_pressure,0,1,0,0,0,0,5,175,0
async_fifo_src,999,5152000,rd,5,empty_pressure,0,1,0,1,0,0,4,176,0
async_fifo_src,1000,5152000,wr,5,empty_pressure,0,1,0,0,0,0,4,176,0
async_fifo_src,1001,5160000,wr,5,empty_pressure,0,0,0,0,0,0,4,176,0
async_fifo_src,1002,5166000,rd,5,empty_pressure,0,0,0,0,0,0,4,176,0
async_fifo_src,1003,5168000,wr,5,empty_pressure,0,0,0,0,0,0,4,176,0
async_fifo_src,1004,5176000,wr,5,empty_pressure,0,1,0,0,0,0,4,176,0
async_fifo_src,1005,5180000,rd,5,empty_pressure,0,1,0,1,0,0,3,177,0
async_fifo_src,1006,5184000,wr,5,empty_pressure,0,1,0,0,0,0,3,177,0
async_fifo_src,1007,5192000,wr,5,empty_pressure,0,0,0,0,0,0,3,177,0
async_fifo_src,1008,5194000,rd,5,empty_pressure,0,0,0,0,0,0,3,177,0
async_fifo_src,1009,5200000,wr,5,empty_pressure,0,1,0,0,0,0,3,177,0
async_fifo_src,1010,5208000,rd,5,empty_pressure,0,1,0,1,0,0,2,178,0
async_fifo_src,1011,5208000,wr,5,empty_pressure,0,1,0,0,0,0,2,178,0
async_fifo_src,1012,5216000,wr,5,empty_pressure,0,0,0,0,0,0,2,178,0
async_fifo_src,1013,5222000,rd,5,empty_pressure,0,0,0,0,0,0,2,178,0
async_fifo_src,1014,5224000,wr,5,empty_pressure,0,0,0,0,0,0,2,178,0
async_fifo_src,1015,5232000,wr,5,empty_pressure,0,1,0,0,0,0,2,178,0
async_fifo_src,1016,5236000,rd,5,empty_pressure,0,1,0,1,0,0,1,179,0
async_fifo_src,1017,5240000,wr,5,empty_pressure,0,1,0,0,0,0,1,179,0
async_fifo_src,1018,5248000,wr,5,empty_pressure,0,0,0,0,0,0,1,179,0
async_fifo_src,1019,5250000,rd,5,empty_pressure,0,0,0,0,0,0,1,179,0
async_fifo_src,1020,5256000,wr,5,empty_pressure,0,1,0,0,0,0,1,179,0
async_fifo_src,1021,5264000,rd,5,empty_pressure,0,1,0,1,0,1,0,180,0
async_fifo_src,1022,5264000,wr,5,empty_pressure,0,1,0,0,0,1,0,180,0
async_fifo_src,1023,5272000,wr,5,empty_pressure,0,0,0,0,0,1,0,180,0
async_fifo_src,1024,5278000,rd,5,empty_pressure,0,0,0,0,0,1,0,180,0
async_fifo_src,1025,5280000,wr,5,empty_pressure,0,0,0,0,0,1,0,180,0
async_fifo_src,1026,5288000,wr,5,empty_pressure,0,1,0,0,0,1,0,180,0
async_fifo_src,1027,5292000,rd,5,empty_pressure,0,1,0,0,0,1,0,180,0
async_fifo_src,1028,5296000,wr,5,empty_pressure,0,1,0,0,0,1,0,180,0
async_fifo_src,1029,5304000,wr,5,empty_pressure,1,0,1,0,0,1,1,181,0
async_fifo_src,1030,5306000,rd,5,empty_pressure,1,0,0,0,0,1,1,181,0
async_fifo_src,1031,5312000,wr,5,empty_pressure,0,1,0,0,0,1,1,181,0
async_fifo_src,1032,5320000,rd,5,empty_pressure,0,1,0,0,0,1,1,181,0
async_fifo_src,1033,5320000,wr,5,empty_pressure,0,1,0,0,0,1,1,181,0
async_fifo_src,1034,5328000,wr,5,empty_pressure,0,0,0,0,0,1,1,181,0
async_fifo_src,1035,5334000,rd,5,empty_pressure,0,0,0,0,0,1,1,181,0
async_fifo_src,1036,5336000,wr,5,empty_pressure,0,0,0,0,0,1,1,181,0
async_fifo_src,1037,5344000,wr,5,empty_pressure,0,1,0,0,0,0,1,181,0
async_fifo_src,1038,5348000,rd,5,empty_pressure,0,1,0,0,0,0,1,181,0
async_fifo_src,1039,5352000,wr,5,empty_pressure,0,1,0,0,0,0,1,181,0
async_fifo_src,1040,5360000,wr,5,empty_pressure,0,0,0,0,0,0,1,181,0
async_fifo_src,1041,5362000,rd,5,empty_pressure,0,0,0,0,0,0,1,181,0
async_fifo_src,1042,5368000,wr,5,empty_pressure,0,1,0,0,0,0,1,181,0
async_fifo_src,1043,5376000,rd,5,empty_pressure,0,1,0,1,0,1,0,182,0
async_fifo_src,1044,5376000,wr,5,empty_pressure,0,1,0,0,0,1,0,182,0
async_fifo_src,1045,5384000,wr,5,empty_pressure,0,0,0,0,0,1,0,182,0
async_fifo_src,1046,5390000,rd,5,empty_pressure,0,0,0,0,0,1,0,182,0
async_fifo_src,1047,5392000,wr,5,empty_pressure,0,0,0,0,0,1,0,182,0
async_fifo_src,1048,5400000,wr,5,empty_pressure,0,1,0,0,0,1,0,182,0
async_fifo_src,1049,5404000,rd,5,empty_pressure,0,1,0,0,0,1,0,182,0
async_fifo_src,1050,5408000,wr,5,empty_pressure,0,1,0,0,0,1,0,182,0
async_fifo_src,1051,5416000,wr,5,empty_pressure,0,0,0,0,0,1,0,182,0
async_fifo_src,1052,5418000,rd,5,empty_pressure,0,0,0,0,0,1,0,182,0
async_fifo_src,1053,5424000,wr,5,empty_pressure,0,1,0,0,0,1,0,182,0
async_fifo_src,1054,5432000,rd,5,empty_pressure,0,1,0,0,0,1,0,182,0
async_fifo_src,1055,5432000,wr,5,empty_pressure,0,1,0,0,0,1,0,182,0
async_fifo_src,1056,5440000,wr,5,empty_pressure,0,0,0,0,0,1,0,182,0
async_fifo_src,1057,5446000,rd,5,empty_pressure,0,0,0,0,0,1,0,182,0
async_fifo_src,1058,5448000,wr,5,empty_pressure,0,0,0,0,0,1,0,182,0
async_fifo_src,1059,5456000,wr,5,empty_pressure,0,1,0,0,0,1,0,182,0
async_fifo_src,1060,5460000,rd,5,empty_pressure,0,1,0,0,0,1,0,182,0
async_fifo_src,1061,5464000,wr,5,empty_pressure,0,1,0,0,0,1,0,182,0
async_fifo_src,1062,5472000,wr,5,empty_pressure,0,0,0,0,0,1,0,182,0
async_fifo_src,1063,5474000,rd,5,empty_pressure,0,0,0,0,0,1,0,182,0
async_fifo_src,1064,5480000,wr,5,empty_pressure,0,1,0,0,0,1,0,182,0
async_fifo_src,1065,5488000,rd,5,empty_pressure,0,1,0,0,0,1,0,182,0
async_fifo_src,1066,5488000,wr,5,empty_pressure,0,1,0,0,0,1,0,182,0
async_fifo_src,1067,5496000,wr,5,empty_pressure,0,0,0,0,0,1,0,182,0
async_fifo_src,1068,5502000,rd,5,empty_pressure,0,0,0,0,0,1,0,182,0
async_fifo_src,1069,5504000,wr,5,empty_pressure,0,0,0,0,0,1,0,182,0
async_fifo_src,1070,5512000,wr,5,empty_pressure,0,1,0,0,0,1,0,182,0
async_fifo_src,1071,5516000,rd,5,empty_pressure,0,1,0,0,0,1,0,182,0
async_fifo_src,1072,5520000,wr,5,empty_pressure,0,1,0,0,0,1,0,182,0
async_fifo_src,1073,5528000,wr,5,empty_pressure,1,0,1,0,0,1,1,183,0
async_fifo_src,1074,5530000,rd,5,empty_pressure,1,0,0,0,0,1,1,183,0
async_fifo_src,1075,5536000,wr,5,empty_pressure,0,1,0,0,0,1,1,183,0
async_fifo_src,1076,5544000,rd,5,empty_pressure,0,1,0,0,0,1,1,183,0
async_fifo_src,1077,5544000,wr,5,empty_pressure,0,1,0,0,0,1,1,183,0
async_fifo_src,1078,5552000,wr,5,empty_pressure,0,0,0,0,0,1,1,183,0
async_fifo_src,1079,5558000,rd,5,empty_pressure,0,0,0,0,0,1,1,183,0
async_fifo_src,1080,5560000,wr,5,empty_pressure,0,0,0,0,0,1,1,183,0
async_fifo_src,1081,5568000,wr,5,empty_pressure,0,1,0,0,0,0,1,183,0
async_fifo_src,1082,5572000,rd,5,empty_pressure,0,1,0,0,0,0,1,183,0
async_fifo_src,1083,5576000,wr,5,empty_pressure,0,1,0,0,0,0,1,183,0
async_fifo_src,1084,5584000,wr,5,empty_pressure,0,0,0,0,0,0,1,183,0
async_fifo_src,1085,5586000,rd,5,empty_pressure,0,0,0,0,0,0,1,183,0
async_fifo_src,1086,5592000,wr,5,empty_pressure,0,1,0,0,0,0,1,183,0
async_fifo_src,1087,5600000,rd,5,empty_pressure,0,1,0,1,0,1,0,184,0
async_fifo_src,1088,5600000,wr,5,empty_pressure,0,1,0,0,0,1,0,184,0
async_fifo_src,1089,5608000,wr,5,empty_pressure,0,0,0,0,0,1,0,184,0
async_fifo_src,1090,5614000,rd,5,empty_pressure,0,0,0,0,0,1,0,184,0
async_fifo_src,1091,5616000,wr,5,empty_pressure,1,0,1,0,0,1,1,185,0
async_fifo_src,1092,5624000,wr,5,empty_pressure,0,1,0,0,0,1,1,185,0
async_fifo_src,1093,5628000,rd,5,empty_pressure,0,1,0,0,0,1,1,185,0
async_fifo_src,1094,5632000,wr,5,empty_pressure,0,1,0,0,0,1,1,185,0
async_fifo_src,1095,5640000,wr,5,empty_pressure,0,0,0,0,0,1,1,185,0
async_fifo_src,1096,5642000,rd,5,empty_pressure,0,0,0,0,0,1,1,185,0
async_fifo_src,1097,5648000,wr,5,empty_pressure,0,1,0,0,0,1,1,185,0
async_fifo_src,1098,5656000,rd,5,empty_pressure,0,1,0,0,0,0,1,185,0
async_fifo_src,1099,5656000,wr,5,empty_pressure,0,1,0,0,0,0,1,185,0
async_fifo_src,1100,5664000,wr,5,empty_pressure,0,0,0,0,0,0,1,185,0
async_fifo_src,1101,5670000,rd,5,empty_pressure,0,0,0,0,0,0,1,185,0
async_fifo_src,1102,5672000,wr,5,empty_pressure,0,0,0,0,0,0,1,185,0
async_fifo_src,1103,5680000,wr,5,empty_pressure,0,1,0,0,0,1,1,185,0
async_fifo_src,1104,5684000,rd,5,empty_pressure,0,1,0,1,0,1,0,186,0
async_fifo_src,1105,5688000,wr,5,empty_pressure,0,1,0,0,0,1,0,186,0
async_fifo_src,1106,5696000,wr,5,empty_pressure,1,0,1,0,0,1,1,187,0
async_fifo_src,1107,5698000,rd,5,empty_pressure,1,0,0,0,0,1,1,187,0
async_fifo_src,1108,5704000,wr,5,empty_pressure,0,1,0,0,0,1,1,187,0
async_fifo_src,1109,5712000,rd,5,empty_pressure,0,1,0,0,0,1,1,187,0
async_fifo_src,1110,5712000,wr,5,empty_pressure,0,1,0,0,0,1,1,187,0
async_fifo_src,1111,5720000,wr,5,empty_pressure,0,0,0,0,0,1,1,187,0
async_fifo_src,1112,5726000,rd,5,empty_pressure,0,0,0,0,0,1,1,187,0
async_fifo_src,1113,5728000,wr,5,empty_pressure,0,0,0,0,0,1,1,187,0
async_fifo_src,1114,5736000,wr,5,empty_pressure,0,1,0,0,0,0,1,187,0
async_fifo_src,1115,5740000,rd,5,empty_pressure,0,1,0,0,0,0,1,187,0
async_fifo_src,1116,5744000,wr,5,empty_pressure,0,1,0,0,0,0,1,187,0
async_fifo_src,1117,5752000,wr,5,empty_pressure,0,0,0,0,0,0,1,187,0
async_fifo_src,1118,5754000,rd,5,empty_pressure,0,0,0,0,0,0,1,187,0
async_fifo_src,1119,5760000,wr,5,empty_pressure,0,1,0,0,0,0,1,187,0
async_fifo_src,1120,5768000,rd,5,empty_pressure,0,1,0,1,0,1,0,188,0
async_fifo_src,1121,5768000,wr,5,empty_pressure,0,1,0,0,0,1,0,188,0
async_fifo_src,1122,5776000,wr,5,empty_pressure,0,0,0,0,0,1,0,188,0
async_fifo_src,1123,5782000,rd,5,empty_pressure,0,0,0,0,0,1,0,188,0
async_fifo_src,1124,5784000,wr,5,empty_pressure,0,0,0,0,0,1,0,188,0
async_fifo_src,1125,5792000,wr,5,empty_pressure,0,1,0,0,0,1,0,188,0
async_fifo_src,1126,5796000,rd,5,empty_pressure,0,1,0,0,0,1,0,188,0
async_fifo_src,1127,5800000,wr,5,empty_pressure,0,1,0,0,0,1,0,188,0
async_fifo_src,1128,5808000,wr,5,empty_pressure,0,0,0,0,0,1,0,188,0
async_fifo_src,1129,5810000,rd,5,empty_pressure,0,0,0,0,0,1,0,188,0
async_fifo_src,1130,5816000,wr,5,empty_pressure,0,1,0,0,0,1,0,188,0
async_fifo_src,1131,5824000,rd,5,empty_pressure,0,1,0,0,0,1,0,188,0
async_fifo_src,1132,5824000,wr,5,empty_pressure,0,1,0,0,0,1,0,188,0
async_fifo_src,1133,5832000,wr,5,empty_pressure,0,0,0,0,0,1,0,188,0
async_fifo_src,1134,5838000,rd,5,empty_pressure,0,0,0,0,0,1,0,188,0
async_fifo_src,1135,5840000,wr,5,empty_pressure,0,0,0,0,0,1,0,188,0
async_fifo_src,1136,5848000,wr,5,empty_pressure,0,1,0,0,0,1,0,188,0
async_fifo_src,1137,5852000,rd,5,empty_pressure,0,1,0,0,0,1,0,188,0
async_fifo_src,1138,5856000,wr,5,empty_pressure,0,1,0,0,0,1,0,188,0
async_fifo_src,1139,5864000,wr,5,empty_pressure,0,0,0,0,0,1,0,188,0
async_fifo_src,1140,5866000,rd,5,empty_pressure,0,0,0,0,0,1,0,188,0
async_fifo_src,1141,5872000,wr,5,empty_pressure,0,1,0,0,0,1,0,188,0
async_fifo_src,1142,5880000,rd,5,empty_pressure,0,1,0,0,0,1,0,188,0
async_fifo_src,1143,5880000,wr,5,empty_pressure,0,1,0,0,0,1,0,188,0
async_fifo_src,1144,5888000,wr,5,empty_pressure,0,0,0,0,0,1,0,188,0
async_fifo_src,1145,5894000,rd,5,empty_pressure,0,0,0,0,0,1,0,188,0
async_fifo_src,1146,5896000,wr,5,empty_pressure,1,0,1,0,0,1,1,189,0
async_fifo_src,1147,5904000,wr,5,empty_pressure,0,1,0,0,0,1,1,189,0
async_fifo_src,1148,5908000,rd,5,empty_pressure,0,1,0,0,0,1,1,189,0
async_fifo_src,1149,5912000,wr,5,empty_pressure,0,1,0,0,0,1,1,189,0
async_fifo_src,1150,5920000,wr,5,empty_pressure,1,0,1,0,0,1,2,190,0
async_fifo_src,1151,5922000,rd,5,empty_pressure,1,0,0,0,0,1,2,190,0
async_fifo_src,1152,5928000,wr,5,empty_pressure,0,1,0,0,0,1,2,190,0
async_fifo_src,1153,5936000,rd,5,empty_pressure,0,1,0,0,0,0,2,190,0
