module_name,sample_index,sim_time,domain,scenario_id,scenario_name,wr_req,rd_req,wr_accepted,rd_accepted,full_flag,empty_flag,depth_after,pass_count,fail_count
async_fifo,1,70000,rd,0,unclassified,0,0,0,0,0,1,0,0,0
async_fifo,2,72000,wr,1,fill_burst,1,0,1,0,0,1,1,1,0
async_fifo,3,80000,wr,1,fill_burst,0,1,0,0,0,1,1,1,0
async_fifo,4,84000,rd,1,fill_burst,0,1,0,0,0,1,1,1,0
async_fifo,5,88000,wr,1,fill_burst,0,1,0,0,0,1,1,1,0
async_fifo,6,96000,wr,1,fill_burst,1,0,1,0,0,1,2,2,0
async_fifo,7,98000,rd,1,fill_burst,1,0,0,0,0,1,2,2,0
async_fifo,8,104000,wr,1,fill_burst,0,0,0,0,0,1,2,2,0
async_fifo,9,112000,rd,1,fill_burst,0,0,0,0,0,0,2,2,0
async_fifo,10,112000,wr,1,fill_burst,0,0,0,0,0,0,2,2,0
async_fifo,11,120000,wr,1,fill_burst,0,0,0,0,0,0,2,2,0
async_fifo,12,126000,rd,1,fill_burst,0,0,0,0,0,0,2,2,0
async_fifo,13,128000,wr,1,fill_burst,1,0,1,0,0,0,3,3,0
async_fifo,14,136000,wr,1,fill_burst,0,0,0,0,0,0,3,3,0
async_fifo,15,140000,rd,1,fill_burst,0,0,0,0,0,0,3,3,0
async_fifo,16,144000,wr,1,fill_burst,0,0,0,0,0,0,3,3,0
async_fifo,17,152000,wr,1,fill_burst,1,0,1,0,0,0,4,4,0
async_fifo,18,154000,rd,1,fill_burst,1,0,0,0,0,0,4,4,0
async_fifo,19,160000,wr,1,fill_burst,0,0,0,0,0,0,4,4,0
async_fifo,20,168000,rd,1,fill_burst,0,0,0,0,0,0,4,4,0
async_fifo,21,168000,wr,1,fill_burst,0,0,0,0,0,0,4,4,0
async_fifo,22,176000,wr,1,fill_burst,0,0,0,0,0,0,4,4,0
async_fifo,23,182000,rd,1,fill_burst,0,0,0,0,0,0,4,4,0
async_fifo,24,184000,wr,1,fill_burst,1,0,1,0,0,0,5,5,0
async_fifo,25,192000,wr,1,fill_burst,0,0,0,0,0,0,5,5,0
async_fifo,26,196000,rd,1,fill_burst,0,0,0,0,0,0,5,5,0
async_fifo,27,200000,wr,1,fill_burst,0,0,0,0,0,0,5,5,0
async_fifo,28,208000,wr,1,fill_burst,1,0,1,0,0,0,6,6,0
async_fifo,29,210000,rd,1,fill_burst,1,0,0,0,0,0,6,6,0
async_fifo,30,216000,wr,1,fill_burst,0,0,0,0,0,0,6,6,0
async_fifo,31,224000,rd,1,fill_burst,0,0,0,0,0,0,6,6,0
async_fifo,32,224000,wr,1,fill_burst,0,0,0,0,0,0,6,6,0
async_fifo,33,232000,wr,1,fill_burst,0,0,0,0,0,0,6,6,0
async_fifo,34,238000,rd,1,fill_burst,0,0,0,0,0,0,6,6,0
async_fifo,35,240000,wr,1,fill_burst,1,0,1,0,0,0,7,7,0
async_fifo,36,248000,wr,1,fill_burst,0,0,0,0,0,0,7,7,0
async_fifo,37,252000,rd,1,fill_burst,0,0,0,0,0,0,7,7,0
async_fifo,38,256000,wr,1,fill_burst,0,0,0,0,0,0,7,7,0
async_fifo,39,264000,wr,1,fill_burst,1,0,1,0,0,0,8,8,0
async_fifo,40,266000,rd,1,fill_burst,1,0,0,0,0,0,8,8,0
async_fifo,41,272000,wr,1,fill_burst,0,0,0,0,0,0,8,8,0
async_fifo,42,280000,rd,1,fill_burst,0,0,0,0,0,0,8,8,0
async_fifo,43,280000,wr,1,fill_burst,0,0,0,0,0,0,8,8,0
async_fifo,44,288000,wr,1,fill_burst,0,0,0,0,0,0,8,8,0
async_fifo,45,294000,rd,1,fill_burst,0,0,0,0,0,0,8,8,0
async_fifo,46,296000,wr,1,fill_burst,1,0,1,0,0,0,9,9,0
async_fifo,47,304000,wr,1,fill_burst,0,0,0,0,0,0,9,9,0
async_fifo,48,308000,rd,1,fill_burst,0,0,0,0,0,0,9,9,0
async_fifo,49,312000,wr,1,fill_burst,0,0,0,0,0,0,9,9,0
async_fifo,50,320000,wr,1,fill_burst,1,0,1,0,0,0,10,10,0
async_fifo,51,322000,rd,1,fill_burst,1,0,0,0,0,0,10,10,0
async_fifo,52,328000,wr,1,fill_burst,0,0,0,0,0,0,10,10,0
async_fifo,53,336000,rd,1,fill_burst,0,0,0,0,0,0,10,10,0
async_fifo,54,336000,wr,1,fill_burst,0,0,0,0,0,0,10,10,0
async_fifo,55,344000,wr,1,fill_burst,0,0,0,0,0,0,10,10,0
async_fifo,56,350000,rd,1,fill_burst,0,0,0,0,0,0,10,10,0
async_fifo,57,352000,wr,1,fill_burst,1,0,1,0,0,0,11,11,0
async_fifo,58,360000,wr,1,fill_burst,0,0,0,0,0,0,11,11,0
async_fifo,59,364000,rd,1,fill_burst,0,0,0,0,0,0,11,11,0
async_fifo,60,368000,wr,1,fill_burst,0,0,0,0,0,0,11,11,0
async_fifo,61,376000,wr,1,fill_burst,1,0,1,0,0,0,12,12,0
async_fifo,62,378000,rd,1,fill_burst,1,0,0,0,0,0,12,12,0
async_fifo,63,384000,wr,1,fill_burst,0,1,0,0,0,0,12,12,0
async_fifo,64,392000,rd,1,fill_burst,0,1,0,1,0,0,11,13,0
async_fifo,65,392000,wr,1,fill_burst,0,1,0,0,0,0,11,13,0
async_fifo,66,400000,wr,1,fill_burst,0,0,0,0,0,0,11,13,0
async_fifo,67,406000,rd,1,fill_burst,0,0,0,0,0,0,11,13,0
async_fifo,68,408000,wr,1,fill_burst,1,0,1,0,0,0,12,14,0
async_fifo,69,416000,wr,1,fill_burst,0,0,0,0,0,0,12,14,0
async_fifo,70,420000,rd,1,fill_burst,0,0,0,0,0,0,12,14,0
async_fifo,71,424000,wr,1,fill_burst,0,0,0,0,0,0,12,14,0
async_fifo,72,432000,wr,1,fill_burst,1,0,1,0,0,0,13,15,0
async_fifo,73,434000,rd,1,fill_burst,1,0,0,0,0,0,13,15,0
async_fifo,74,440000,wr,1,fill_burst,0,0,0,0,0,0,13,15,0
async_fifo,75,448000,rd,1,fill_burst,0,0,0,0,0,0,13,15,0
async_fifo,76,448000,wr,1,fill_burst,0,0,0,0,0,0,13,15,0
async_fifo,77,456000,wr,1,fill_burst,0,0,0,0,0,0,13,15,0
async_fifo,78,462000,rd,1,fill_burst,0,0,0,0,0,0,13,15,0
async_fifo,79,464000,wr,1,fill_burst,1,0,1,0,0,0,14,16,0
async_fifo,80,472000,wr,1,fill_burst,0,0,0,0,0,0,14,16,0
async_fifo,81,476000,rd,1,fill_burst,0,0,0,0,0,0,14,16,0
async_fifo,82,480000,wr,1,fill_burst,0,0,0,0,0,0,14,16,0
async_fifo,83,488000,wr,1,fill_burst,1,0,1,0,0,0,15,17,0
async_fifo,84,490000,rd,1,fill_burst,1,0,0,0,0,0,15,17,0
async_fifo,85,496000,wr,1,fill_burst,0,0,0,0,0,0,15,17,0
async_fifo,86,504000,rd,1,fill_burst,0,0,0,0,0,0,15,17,0
async_fifo,87,504000,wr,1,fill_burst,0,0,0,0,0,0,15,17,0
async_fifo,88,512000,wr,1,fill_burst,0,0,0,0,0,0,15,17,0
async_fifo,89,518000,rd,1,fill_burst,0,0,0,0,1,0,15,17,0
async_fifo,90,520000,wr,1,fill_burst,1,0,1,0,1,0,16,18,0
async_fifo,91,528000,wr,1,fill_burst,0,0,0,0,1,0,16,18,0
async_fifo,92,532000,rd,1,fill_burst,0,0,0,0,1,0,16,18,0
async_fifo,93,536000,wr,1,fill_burst,0,0,0,0,1,0,16,18,0
async_fifo,94,544000,wr,1,fill_burst,1,0,0,0,1,0,16,18,0
async_fifo,95,546000,rd,1,fill_burst,1,0,0,0,1,0,16,18,0
async_fifo,96,552000,wr,1,fill_burst,0,1,0,0,1,0,16,18,0
async_fifo,97,560000,rd,1,fill_burst,0,1,0,1,1,0,15,19,0
async_fifo,98,560000,wr,1,fill_burst,0,1,0,0,1,0,15,19,0
async_fifo,99,568000,wr,1,fill_burst,0,0,0,0,1,0,15,19,0
async_fifo,100,574000,rd,1,fill_burst,0,0,0,0,0,0,15,19,0
async_fifo,101,576000,wr,1,fill_burst,1,0,0,0,0,0,15,19,0
async_fifo,102,584000,wr,1,fill_burst,0,0,0,0,0,0,15,19,0
async_fifo,103,588000,rd,1,fill_burst,0,0,0,0,0,0,15,19,0
async_fifo,104,592000,wr,1,fill_burst,0,0,0,0,0,0,15,19,0
async_fifo,105,600000,wr,1,fill_burst,1,0,1,0,1,0,16,20,0
async_fifo,106,602000,rd,1,fill_burst,1,0,0,0,1,0,16,20,0
async_fifo,107,608000,wr,1,fill_burst,0,0,0,0,1,0,16,20,0
async_fifo,108,616000,rd,1,fill_burst,0,0,0,0,1,0,16,20,0
async_fifo,109,616000,wr,1,fill_burst,0,0,0,0,1,0,16,20,0
async_fifo,110,624000,wr,1,fill_burst,0,0,0,0,1,0,16,20,0
async_fifo,111,630000,rd,1,fill_burst,0,0,0,0,1,0,16,20,0
async_fifo,112,632000,wr,1,fill_burst,1,0,0,0,1,0,16,20,0
async_fifo,113,640000,wr,1,fill_burst,0,0,0,0,1,0,16,20,0
async_fifo,114,644000,rd,1,fill_burst,0,0,0,0,1,0,16,20,0
async_fifo,115,648000,wr,1,fill_burst,0,0,0,0,1,0,16,20,0
async_fifo,116,656000,wr,1,fill_burst,1,0,0,0,1,0,16,20,0
async_fifo,117,658000,rd,1,fill_burst,1,0,0,0,1,0,16,20,0
async_fifo,118,664000,wr,1,fill_burst,0,0,0,0,1,0,16,20,0
async_fifo,119,672000,rd,1,fill_burst,0,0,0,0,1,0,16,20,0
async_fifo,120,672000,wr,1,fill_burst,0,0,0,0,1,0,16,20,0
async_fifo,121,680000,wr,1,fill_burst,0,0,0,0,1,0,16,20,0
async_fifo,122,686000,rd,1,fill_burst,0,0,0,0,1,0,16,20,0
async_fifo,123,688000,wr,1,fill_burst,1,0,0,0,1,0,16,20,0
async_fifo,124,696000,wr,1,fill_burst,0,1,0,0,1,0,16,20,0
async_fifo,125,700000,rd,1,fill_burst,0,1,0,1,1,0,15,21,0
async_fifo,126,704000,wr,1,fill_burst,0,1,0,0,1,0,15,21,0
async_fifo,127,712000,wr,1,fill_burst,1,0,0,0,1,0,15,21,0
async_fifo,128,714000,rd,1,fill_burst,1,0,0,0,1,0,15,21,0
async_fifo,129,720000,wr,1,fill_burst,0,0,0,0,0,0,15,21,0
async_fifo,130,728000,rd,1,fill_burst,0,0,0,0,0,0,15,21,0
async_fifo,131,728000,wr,1,fill_burst,0,0,0,0,0,0,15,21,0
async_fifo,132,736000,wr,1,fill_burst,0,0,0,0,0,0,15,21,0
async_fifo,133,742000,rd,1,fill_burst,0,0,0,0,1,0,15,21,0
async_fifo,134,744000,wr,1,fill_burst,1,0,1,0,1,0,16,22,0
async_fifo,135,752000,wr,1,fill_burst,0,0,0,0,1,0,16,22,0
async_fifo,136,756000,rd,1,fill_burst,0,0,0,0,1,0,16,22,0
async_fifo,137,760000,wr,1,fill_burst,0,0,0,0,1,0,16,22,0
async_fifo,138,768000,wr,1,fill_burst,1,0,0,0,1,0,16,22,0
async_fifo,139,770000,rd,1,fill_burst,1,0,0,0,1,0,16,22,0
async_fifo,140,776000,wr,1,fill_burst,0,1,0,0,1,0,16,22,0
async_fifo,141,784000,rd,1,fill_burst,0,1,0,1,1,0,15,23,0
async_fifo,142,784000,wr,1,fill_burst,0,1,0,0,1,0,15,23,0
async_fifo,143,792000,wr,1,fill_burst,0,0,0,0,1,0,15,23,0
async_fifo,144,798000,rd,1,fill_burst,0,0,0,0,0,0,15,23,0
async_fifo,145,800000,wr,1,fill_burst,1,0,0,0,0,0,15,23,0
async_fifo,146,808000,wr,1,fill_burst,0,0,0,0,0,0,15,23,0
async_fifo,147,812000,rd,1,fill_burst,0,0,0,0,0,0,15,23,0
async_fifo,148,816000,wr,1,fill_burst,0,0,0,0,0,0,15,23,0
async_fifo,149,824000,wr,1,fill_burst,1,0,1,0,1,0,16,24,0
async_fifo,150,826000,rd,1,fill_burst,1,0,0,0,1,0,16,24,0
async_fifo,151,832000,wr,1,fill_burst,0,0,0,0,1,0,16,24,0
async_fifo,152,840000,rd,1,fill_burst,0,0,0,0,1,0,16,24,0
async_fifo,153,840000,wr,1,fill_burst,0,0,0,0,1,0,16,24,0
async_fifo,154,848000,wr,1,fill_burst,0,0,0,0,1,0,16,24,0
async_fifo,155,854000,rd,1,fill_burst,0,0,0,0,1,0,16,24,0
async_fifo,156,856000,wr,1,fill_burst,1,0,0,0,1,0,16,24,0
async_fifo,157,864000,wr,1,fill_burst,0,1,0,0,1,0,16,24,0
async_fifo,158,868000,rd,1,fill_burst,0,1,0,1,1,0,15,25,0
async_fifo,159,872000,wr,1,fill_burst,0,1,0,0,1,0,15,25,0
async_fifo,160,880000,wr,1,fill_burst,1,0,0,0,1,0,15,25,0
async_fifo,161,882000,rd,1,fill_burst,1,0,0,0,1,0,15,25,0
async_fifo,162,888000,wr,1,fill_burst,0,0,0,0,0,0,15,25,0
async_fifo,163,896000,rd,1,fill_burst,0,0,0,0,0,0,15,25,0
async_fifo,164,896000,wr,1,fill_burst,0,0,0,0,0,0,15,25,0
async_fifo,165,904000,wr,1,fill_burst,0,0,0,0,0,0,15,25,0
async_fifo,166,910000,rd,1,fill_burst,0,0,0,0,1,0,15,25,0
async_fifo,167,912000,wr,1,fill_burst,1,0,1,0,1,0,16,26,0
async_fifo,168,920000,wr,1,fill_burst,0,0,0,0,1,0,16,26,0
async_fifo,169,924000,rd,1,fill_burst,0,0,0,0,1,0,16,26,0
async_fifo,170,928000,wr,1,fill_burst,0,0,0,0,1,0,16,26,0
async_fifo,171,936000,wr,1,fill_burst,1,0,0,0,1,0,16,26,0
async_fifo,172,938000,rd,1,fill_burst,1,0,0,0,1,0,16,26,0
async_fifo,173,944000,wr,1,fill_burst,0,0,0,0,1,0,16,26,0
async_fifo,174,952000,rd,1,fill_burst,0,0,0,0,1,0,16,26,0
async_fifo,175,952000,wr,1,fill_burst,0,0,0,0,1,0,16,26,0
async_fifo,176,960000,wr,1,fill_burst,0,0,0,0,1,0,16,26,0
async_fifo,177,966000,rd,1,fill_burst,0,0,0,0,1,0,16,26,0
async_fifo,178,968000,wr,1,fill_burst,1,0,0,0,1,0,16,26,0
async_fifo,179,976000,wr,1,fill_burst,0,0,0,0,1,0,16,26,0
async_fifo,180,980000,rd,1,fill_burst,0,0,0,0,1,0,16,26,0
async_fifo,181,984000,wr,1,fill_burst,0,0,0,0,1,0,16,26,0
async_fifo,182,992000,wr,1,fill_burst,1,0,0,0,1,0,16,26,0
async_fifo,183,994000,rd,1,fill_burst,1,0,0,0,1,0,16,26,0
async_fifo,184,1000000,wr,1,fill_burst,0,1,0,0,1,0,16,26,0
async_fifo,185,1008000,rd,1,fill_burst,0,1,0,1,1,0,15,27,0
async_fifo,186,1008000,wr,1,fill_burst,0,1,0,0,1,0,15,27,0
async_fifo,187,1016000,wr,1,fill_burst,0,0,0,0,1,0,15,27,0
async_fifo,188,1022000,rd,1,fill_burst,0,0,0,0,0,0,15,27,0
async_fifo,189,1024000,wr,1,fill_burst,1,0,0,0,0,0,15,27,0
async_fifo,190,1032000,wr,1,fill_burst,0,0,0,0,0,0,15,27,0
async_fifo,191,1036000,rd,1,fill_burst,0,0,0,0,0,0,15,27,0
async_fifo,192,1040000,wr,1,fill_burst,0,0,0,0,0,0,15,27,0
async_fifo,193,1048000,wr,1,fill_burst,1,0,1,0,1,0,16,28,0
async_fifo,194,1050000,rd,1,fill_burst,1,0,0,0,1,0,16,28,0
async_fifo,195,1056000,wr,1,fill_burst,0,0,0,0,1,0,16,28,0
async_fifo,196,1064000,rd,1,fill_burst,0,0,0,0,1,0,16,28,0
async_fifo,197,1064000,wr,1,fill_burst,0,0,0,0,1,0,16,28,0
async_fifo,198,1072000,wr,1,fill_burst,0,0,0,0,1,0,16,28,0
async_fifo,199,1078000,rd,1,fill_burst,0,0,0,0,1,0,16,28,0
async_fifo,200,1080000,wr,1,fill_burst,1,0,0,0,1,0,16,28,0
async_fifo,201,1088000,wr,1,fill_burst,0,0,0,0,1,0,16,28,0
async_fifo,202,1092000,rd,1,fill_burst,0,0,0,0,1,0,16,28,0
async_fifo,203,1096000,wr,1,fill_burst,0,0,0,0,1,0,16,28,0
async_fifo,204,1104000,wr,1,fill_burst,1,0,0,0,1,0,16,28,0
async_fifo,205,1106000,rd,1,fill_burst,1,0,0,0,1,0,16,28,0
async_fifo,206,1112000,wr,1,fill_burst,0,1,0,0,1,0,16,28,0
async_fifo,207,1120000,rd,1,fill_burst,0,1,0,1,1,0,15,29,0
async_fifo,208,1120000,wr,1,fill_burst,0,1,0,0,1,0,15,29,0
async_fifo,209,1128000,wr,1,fill_burst,0,0,0,0,1,0,15,29,0
async_fifo,210,1134000,rd,1,fill_burst,0,0,0,0,0,0,15,29,0
async_fifo,211,1136000,wr,1,fill_burst,1,0,0,0,0,0,15,29,0
async_fifo,212,1144000,wr,1,fill_burst,0,0,0,0,0,0,15,29,0
async_fifo,213,1148000,rd,1,fill_burst,0,0,0,0,0,0,15,29,0
async_fifo,214,1152000,wr,1,fill_burst,0,0,0,0,0,0,15,29,0
async_fifo,215,1160000,wr,1,fill_burst,1,0,1,0,1,0,16,30,0
async_fifo,216,1162000,rd,1,fill_burst,1,0,0,0,1,0,16,30,0
async_fifo,217,1168000,wr,1,fill_burst,0,0,0,0,1,0,16,30,0
async_fifo,218,1176000,rd,1,fill_burst,0,0,0,0,1,0,16,30,0
async_fifo,219,1176000,wr,1,fill_burst,0,0,0,0,1,0,16,30,0
async_fifo,220,1184000,wr,1,fill_burst,0,0,0,0,1,0,16,30,0
async_fifo,221,1190000,rd,1,fill_burst,0,0,0,0,1,0,16,30,0
async_fifo,222,1192000,wr,1,fill_burst,1,0,0,0,1,0,16,30,0
async_fifo,223,1200000,wr,1,fill_burst,0,0,0,0,1,0,16,30,0
async_fifo,224,1204000,rd,1,fill_burst,0,0,0,0,1,0,16,30,0
async_fifo,225,1208000,wr,1,fill_burst,0,0,0,0,1,0,16,30,0
async_fifo,226,1216000,wr,1,fill_burst,1,0,0,0,1,0,16,30,0
async_fifo,227,1218000,rd,1,fill_burst,1,0,0,0,1,0,16,30,0
async_fifo,228,1224000,wr,1,fill_burst,0,1,0,0,1,0,16,30,0
async_fifo,229,1232000,rd,1,fill_burst,0,1,0,1,1,0,15,31,0
async_fifo,230,1232000,wr,1,fill_burst,0,1,0,0,1,0,15,31,0
async_fifo,231,1240000,wr,2,mixed_stress,0,0,0,0,1,0,15,31,0
async_fifo,232,1246000,rd,2,mixed_stress,0,0,0,0,0,0,15,31,0
async_fifo,233,1248000,wr,2,mixed_stress,1,0,0,0,0,0,15,31,0
async_fifo,234,1256000,wr,2,mixed_stress,0,0,0,0,0,0,15,31,0
async_fifo,235,1260000,rd,2,mixed_stress,0,0,0,0,0,0,15,31,0
async_fifo,236,1264000,wr,2,mixed_stress,0,0,0,0,0,0,15,31,0
async_fifo,237,1272000,wr,2,mixed_stress,1,0,1,0,1,0,16,32,0
async_fifo,238,1274000,rd,2,mixed_stress,1,0,0,0,1,0,16,32,0
async_fifo,239,1280000,wr,2,mixed_stress,0,1,0,0,1,0,16,32,0
async_fifo,240,1288000,rd,2,mixed_stress,0,1,0,1,1,0,15,33,0
async_fifo,241,1288000,wr,2,mixed_stress,0,1,0,0,1,0,15,33,0
async_fifo,242,1296000,wr,2,mixed_stress,0,0,0,0,1,0,15,33,0
async_fifo,243,1302000,rd,2,mixed_stress,0,0,0,0,0,0,15,33,0
async_fifo,244,1304000,wr,2,mixed_stress,1,0,0,0,0,0,15,33,0
async_fifo,245,1312000,wr,2,mixed_stress,0,1,0,0,0,0,15,33,0
async_fifo,246,1316000,rd,2,mixed_stress,0,1,0,1,0,0,14,34,0
async_fifo,247,1320000,wr,2,mixed_stress,0,1,0,0,0,0,14,34,0
async_fifo,248,1328000,wr,2,mixed_stress,0,0,0,0,0,0,14,34,0
async_fifo,249,1330000,rd,2,mixed_stress,0,0,0,0,0,0,14,34,0
async_fifo,250,1336000,wr,2,mixed_stress,0,0,0,0,0,0,14,34,0
async_fifo,251,1344000,rd,2,mixed_stress,0,0,0,0,0,0,14,34,0
async_fifo,252,1344000,wr,2,mixed_stress,0,0,0,0,0,0,14,34,0
async_fifo,253,1352000,wr,2,mixed_stress,0,0,0,0,0,0,14,34,0
async_fifo,254,1358000,rd,2,mixed_stress,0,0,0,0,0,0,14,34,0
async_fifo,255,1360000,wr,2,mixed_stress,1,0,1,0,0,0,15,35,0
async_fifo,256,1368000,wr,2,mixed_stress,0,1,0,0,0,0,15,35,0
async_fifo,257,1372000,rd,2,mixed_stress,0,1,0,1,0,0,14,36,0
async_fifo,258,1376000,wr,2,mixed_stress,0,1,0,0,0,0,14,36,0
async_fifo,259,1384000,wr,2,mixed_stress,1,0,1,0,1,0,15,37,0
async_fifo,260,1386000,rd,2,mixed_stress,1,0,0,0,1,0,15,37,0
async_fifo,261,1392000,wr,2,mixed_stress,0,1,0,0,0,0,15,37,0
async_fifo,262,1400000,rd,2,mixed_stress,0,1,0,1,0,0,14,38,0
async_fifo,263,1400000,wr,2,mixed_stress,0,1,0,0,0,0,14,38,0
async_fifo,264,1408000,wr,2,mixed_stress,0,0,0,0,0,0,14,38,0
async_fifo,265,1414000,rd,2,mixed_stress,0,0,0,0,0,0,14,38,0
async_fifo,266,1416000,wr,2,mixed_stress,1,0,1,0,0,0,15,39,0
async_fifo,267,1424000,wr,2,mixed_stress,0,1,0,0,0,0,15,39,0
async_fifo,268,1428000,rd,2,mixed_stress,0,1,0,1,0,0,14,40,0
async_fifo,269,1432000,wr,2,mixed_stress,0,1,0,0,0,0,14,40,0
async_fifo,270,1440000,wr,2,mixed_stress,1,0,1,0,1,0,15,41,0
async_fifo,271,1442000,rd,2,mixed_stress,1,0,0,0,1,0,15,41,0
async_fifo,272,1448000,wr,2,mixed_stress,0,1,0,0,0,0,15,41,0
async_fifo,273,1456000,rd,2,mixed_stress,0,1,0,1,0,0,14,42,0
async_fifo,274,1456000,wr,2,mixed_stress,0,1,0,0,0,0,14,42,0
async_fifo,275,1464000,wr,2,mixed_stress,0,0,0,0,0,0,14,42,0
async_fifo,276,1470000,rd,2,mixed_stress,0,0,0,0,0,0,14,42,0
async_fifo,277,1472000,wr,2,mixed_stress,1,0,1,0,0,0,15,43,0
async_fifo,278,1480000,wr,2,mixed_stress,0,0,0,0,0,0,15,43,0
async_fifo,279,1484000,rd,2,mixed_stress,0,0,0,0,0,0,15,43,0
async_fifo,280,1488000,wr,2,mixed_stress,0,0,0,0,0,0,15,43,0
async_fifo,281,1496000,wr,2,mixed_stress,0,0,0,0,0,0,15,43,0
async_fifo,282,1498000,rd,2,mixed_stress,0,0,0,0,0,0,15,43,0
async_fifo,283,1504000,wr,2,mixed_stress,0,0,0,0,0,0,15,43,0
async_fifo,284,1512000,rd,2,mixed_stress,0,0,0,0,0,0,15,43,0
async_fifo,285,1512000,wr,2,mixed_stress,0,0,0,0,0,0,15,43,0
async_fifo,286,1520000,wr,2,mixed_stress,0,0,0,0,0,0,15,43,0
async_fifo,287,1526000,rd,2,mixed_stress,0,0,0,0,1,0,15,43,0
async_fifo,288,1528000,wr,2,mixed_stress,1,0,1,0,1,0,16,44,0
async_fifo,289,1536000,wr,2,mixed_stress,0,1,0,0,1,0,16,44,0
async_fifo,290,1540000,rd,2,mixed_stress,0,1,0,1,1,0,15,45,0
async_fifo,291,1544000,wr,2,mixed_stress,0,1,0,0,1,0,15,45,0
async_fifo,292,1552000,wr,2,mixed_stress,1,0,0,0,1,0,15,45,0
async_fifo,293,1554000,rd,2,mixed_stress,1,0,0,0,1,0,15,45,0
async_fifo,294,1560000,wr,2,mixed_stress,0,1,0,0,0,0,15,45,0
async_fifo,295,1568000,rd,2,mixed_stress,0,1,0,1,0,0,14,46,0
async_fifo,296,1568000,wr,2,mixed_stress,0,1,0,0,0,0,14,46,0
async_fifo,297,1576000,wr,2,mixed_stress,0,0,0,0,0,0,14,46,0
async_fifo,298,1582000,rd,2,mixed_stress,0,0,0,0,0,0,14,46,0
async_fifo,299,1584000,wr,2,mixed_stress,0,0,0,0,0,0,14,46,0
async_fifo,300,1592000,wr,2,mixed_stress,0,1,0,0,0,0,14,46,0
async_fifo,301,1596000,rd,2,mixed_stress,0,1,0,1,0,0,13,47,0
async_fifo,302,1600000,wr,2,mixed_stress,0,1,0,0,0,0,13,47,0
async_fifo,303,1608000,wr,2,mixed_stress,1,0,1,0,0,0,14,48,0
async_fifo,304,1610000,rd,2,mixed_stress,1,0,0,0,0,0,14,48,0
async_fifo,305,1616000,wr,2,mixed_stress,0,1,0,0,0,0,14,48,0
async_fifo,306,1624000,rd,2,mixed_stress,0,1,0,1,0,0,13,49,0
async_fifo,307,1624000,wr,2,mixed_stress,0,1,0,0,0,0,13,49,0
async_fifo,308,1632000,wr,2,mixed_stress,0,0,0,0,0,0,13,49,0
async_fifo,309,1638000,rd,2,mixed_stress,0,0,0,0,0,0,13,49,0
async_fifo,310,1640000,wr,2,mixed_stress,1,0,1,0,0,0,14,50,0
async_fifo,311,1648000,wr,2,mixed_stress,0,1,0,0,0,0,14,50,0
async_fifo,312,1652000,rd,2,mixed_stress,0,1,0,1,0,0,13,51,0
async_fifo,313,1656000,wr,2,mixed_stress,0,1,0,0,0,0,13,51,0
async_fifo,314,1664000,wr,2,mixed_stress,1,0,1,0,0,0,14,52,0
async_fifo,315,1666000,rd,2,mixed_stress,1,0,0,0,0,0,14,52,0
async_fifo,316,1672000,wr,2,mixed_stress,0,1,0,0,0,0,14,52,0
async_fifo,317,1680000,rd,2,mixed_stress,0,1,0,1,0,0,13,53,0
async_fifo,318,1680000,wr,2,mixed_stress,0,1,0,0,0,0,13,53,0
async_fifo,319,1688000,wr,2,mixed_stress,0,0,0,0,0,0,13,53,0
async_fifo,320,1694000,rd,2,mixed_stress,0,0,0,0,0,0,13,53,0
async_fifo,321,1696000,wr,2,mixed_stress,1,0,1,0,0,0,14,54,0
async_fifo,322,1704000,wr,2,mixed_stress,0,0,0,0,0,0,14,54,0
async_fifo,323,1708000,rd,2,mixed_stress,0,0,0,0,0,0,14,54,0
async_fifo,324,1712000,wr,2,mixed_stress,0,0,0,0,0,0,14,54,0
async_fifo,325,1720000,wr,2,mixed_stress,1,0,1,0,0,0,15,55,0
async_fifo,326,1722000,rd,2,mixed_stress,1,0,0,0,0,0,15,55,0
async_fifo,327,1728000,wr,2,mixed_stress,0,0,0,0,0,0,15,55,0
async_fifo,328,1736000,rd,2,mixed_stress,0,0,0,0,0,0,15,55,0
async_fifo,329,1736000,wr,2,mixed_stress,0,0,0,0,0,0,15,55,0
async_fifo,330,1744000,wr,2,mixed_stress,0,0,0,0,0,0,15,55,0
async_fifo,331,1750000,rd,2,mixed_stress,0,0,0,0,1,0,15,55,0
async_fifo,332,1752000,wr,2,mixed_stress,1,0,1,0,1,0,16,56,0
async_fifo,333,1760000,wr,2,mixed_stress,0,1,0,0,1,0,16,56,0
async_fifo,334,1764000,rd,2,mixed_stress,0,1,0,1,1,0,15,57,0
async_fifo,335,1768000,wr,2,mixed_stress,0,1,0,0,1,0,15,57,0
async_fifo,336,1776000,wr,2,mixed_stress,0,0,0,0,1,0,15,57,0
async_fifo,337,1778000,rd,2,mixed_stress,0,0,0,0,1,0,15,57,0
async_fifo,338,1784000,wr,2,mixed_stress,0,1,0,0,0,0,15,57,0
async_fifo,339,1792000,rd,2,mixed_stress,0,1,0,1,0,0,14,58,0
async_fifo,340,1792000,wr,2,mixed_stress,0,1,0,0,0,0,14,58,0
async_fifo,341,1800000,wr,2,mixed_stress,0,0,0,0,0,0,14,58,0
async_fifo,342,1806000,rd,2,mixed_stress,0,0,0,0,0,0,14,58,0
async_fifo,343,1808000,wr,2,mixed_stress,1,0,1,0,0,0,15,59,0
async_fifo,344,1816000,wr,2,mixed_stress,0,1,0,0,0,0,15,59,0
async_fifo,345,1820000,rd,2,mixed_stress,0,1,0,1,0,0,14,60,0
async_fifo,346,1824000,wr,2,mixed_stress,0,1,0,0,0,0,14,60,0
async_fifo,347,1832000,wr,2,mixed_stress,0,0,0,0,0,0,14,60,0
async_fifo,348,1834000,rd,2,mixed_stress,0,0,0,0,0,0,14,60,0
async_fifo,349,1840000,wr,2,mixed_stress,0,0,0,0,0,0,14,60,0
async_fifo,350,1848000,rd,2,mixed_stress,0,0,0,0,0,0,14,60,0
async_fifo,351,1848000,wr,2,mixed_stress,0,0,0,0,0,0,14,60,0
async_fifo,352,1856000,wr,2,mixed_stress,0,0,0,0,0,0,14,60,0
async_fifo,353,1862000,rd,2,mixed_stress,0,0,0,0,0,0,14,60,0
async_fifo,354,1864000,wr,2,mixed_stress,1,0,1,0,0,0,15,61,0
async_fifo,355,1872000,wr,2,mixed_stress,0,1,0,0,0,0,15,61,0
async_fifo,356,1876000,rd,2,mixed_stress,0,1,0,1,0,0,14,62,0
async_fifo,357,1880000,wr,2,mixed_stress,0,1,0,0,0,0,14,62,0
async_fifo,358,1888000,wr,2,mixed_stress,0,0,0,0,0,0,14,62,0
async_fifo,359,1890000,rd,2,mixed_stress,0,0,0,0,0,0,14,62,0
async_fifo,360,1896000,wr,2,mixed_stress,0,1,0,0,0,0,14,62,0
async_fifo,361,1904000,rd,2,mixed_stress,0,1,0,1,0,0,13,63,0
async_fifo,362,1904000,wr,2,mixed_stress,0,1,0,0,0,0,13,63,0
async_fifo,363,1912000,wr,2,mixed_stress,0,0,0,0,0,0,13,63,0
async_fifo,364,1918000,rd,2,mixed_stress,0,0,0,0,0,0,13,63,0
async_fifo,365,1920000,wr,2,mixed_stress,1,0,1,0,0,0,14,64,0
async_fifo,366,1928000,wr,2,mixed_stress,0,1,0,0,0,0,14,64,0
async_fifo,367,1932000,rd,2,mixed_stress,0,1,0,1,0,0,13,65,0
async_fifo,368,1936000,wr,2,mixed_stress,0,1,0,0,0,0,13,65,0
async_fifo,369,1944000,wr,2,mixed_stress,1,0,1,0,0,0,14,66,0
async_fifo,370,1946000,rd,2,mixed_stress,1,0,0,0,0,0,14,66,0
async_fifo,371,1952000,wr,2,mixed_stress,0,1,0,0,0,0,14,66,0
async_fifo,372,1960000,rd,2,mixed_stress,0,1,0,1,0,0,13,67,0
async_fifo,373,1960000,wr,2,mixed_stress,0,1,0,0,0,0,13,67,0
async_fifo,374,1968000,wr,2,mixed_stress,0,0,0,0,0,0,13,67,0
async_fifo,375,1974000,rd,2,mixed_stress,0,0,0,0,0,0,13,67,0
async_fifo,376,1976000,wr,2,mixed_stress,1,0,1,0,0,0,14,68,0
async_fifo,377,1984000,wr,2,mixed_stress,0,1,0,0,0,0,14,68,0
async_fifo,378,1988000,rd,2,mixed_stress,0,1,0,1,0,0,13,69,0
async_fifo,379,1992000,wr,2,mixed_stress,0,1,0,0,0,0,13,69,0
async_fifo,380,2000000,wr,2,mixed_stress,1,0,1,0,0,0,14,70,0
async_fifo,381,2002000,rd,2,mixed_stress,1,0,0,0,0,0,14,70,0
async_fifo,382,2008000,wr,2,mixed_stress,0,1,0,0,0,0,14,70,0
async_fifo,383,2016000,rd,2,mixed_stress,0,1,0,1,0,0,13,71,0
async_fifo,384,2016000,wr,2,mixed_stress,0,1,0,0,0,0,13,71,0
async_fifo,385,2024000,wr,2,mixed_stress,0,0,0,0,0,0,13,71,0
async_fifo,386,2030000,rd,2,mixed_stress,0,0,0,0,0,0,13,71,0
async_fifo,387,2032000,wr,2,mixed_stress,1,0,1,0,0,0,14,72,0
async_fifo,388,2040000,wr,2,mixed_stress,0,0,0,0,0,0,14,72,0
async_fifo,389,2044000,rd,2,mixed_stress,0,0,0,0,0,0,14,72,0
async_fifo,390,2048000,wr,2,mixed_stress,0,0,0,0,0,0,14,72,0
async_fifo,391,2056000,wr,2,mixed_stress,0,0,0,0,0,0,14,72,0
async_fifo,392,2058000,rd,2,mixed_stress,0,0,0,0,0,0,14,72,0
async_fifo,393,2064000,wr,2,mixed_stress,0,1,0,0,0,0,14,72,0
async_fifo,394,2072000,rd,2,mixed_stress,0,1,0,1,0,0,13,73,0
async_fifo,395,2072000,wr,2,mixed_stress,0,1,0,0,0,0,13,73,0
async_fifo,396,2080000,wr,2,mixed_stress,0,0,0,0,0,0,13,73,0
async_fifo,397,2086000,rd,2,mixed_stress,0,0,0,0,0,0,13,73,0
async_fifo,398,2088000,wr,2,mixed_stress,1,0,1,0,0,0,14,74,0
async_fifo,399,2096000,wr,2,mixed_stress,0,1,0,0,0,0,14,74,0
async_fifo,400,2100000,rd,2,mixed_stress,0,1,0,1,0,0,13,75,0
async_fifo,401,2104000,wr,2,mixed_stress,0,1,0,0,0,0,13,75,0
async_fifo,402,2112000,wr,2,mixed_stress,1,0,1,0,0,0,14,76,0
async_fifo,403,2114000,rd,2,mixed_stress,1,0,0,0,0,0,14,76,0
async_fifo,404,2120000,wr,2,mixed_stress,0,0,0,0,0,0,14,76,0
async_fifo,405,2128000,rd,2,mixed_stress,0,0,0,0,0,0,14,76,0
async_fifo,406,2128000,wr,2,mixed_stress,0,0,0,0,0,0,14,76,0
async_fifo,407,2136000,wr,2,mixed_stress,0,0,0,0,0,0,14,76,0
async_fifo,408,2142000,rd,2,mixed_stress,0,0,0,0,0,0,14,76,0
async_fifo,409,2144000,wr,2,mixed_stress,1,0,1,0,0,0,15,77,0
async_fifo,410,2152000,wr,2,mixed_stress,0,0,0,0,0,0,15,77,0
async_fifo,411,2156000,rd,2,mixed_stress,0,0,0,0,0,0,15,77,0
async_fifo,412,2160000,wr,2,mixed_stress,0,0,0,0,0,0,15,77,0
async_fifo,413,2168000,wr,2,mixed_stress,0,0,0,0,0,0,15,77,0
async_fifo,414,2170000,rd,2,mixed_stress,0,0,0,0,0,0,15,77,0
async_fifo,415,2176000,wr,2,mixed_stress,0,0,0,0,0,0,15,77,0
async_fifo,416,2184000,rd,2,mixed_stress,0,0,0,0,0,0,15,77,0
async_fifo,417,2184000,wr,2,mixed_stress,0,0,0,0,0,0,15,77,0
async_fifo,418,2192000,wr,2,mixed_stress,0,0,0,0,0,0,15,77,0
async_fifo,419,2198000,rd,2,mixed_stress,0,0,0,0,1,0,15,77,0
async_fifo,420,2200000,wr,2,mixed_stress,1,0,1,0,1,0,16,78,0
async_fifo,421,2208000,wr,2,mixed_stress,0,1,0,0,1,0,16,78,0
async_fifo,422,2212000,rd,2,mixed_stress,0,1,0,1,1,0,15,79,0
async_fifo,423,2216000,wr,2,mixed_stress,0,1,0,0,1,0,15,79,0
async_fifo,424,2224000,wr,2,mixed_stress,1,0,0,0,1,0,15,79,0
async_fifo,425,2226000,rd,2,mixed_stress,1,0,0,0,1,0,15,79,0
async_fifo,426,2232000,wr,2,mixed_stress,0,1,0,0,0,0,15,79,0
async_fifo,427,2240000,rd,2,mixed_stress,0,1,0,1,0,0,14,80,0
async_fifo,428,2240000,wr,2,mixed_stress,0,1,0,0,0,0,14,80,0
async_fifo,429,2248000,wr,2,mixed_stress,0,0,0,0,0,0,14,80,0
async_fifo,430,2254000,rd,2,mixed_stress,0,0,0,0,0,0,14,80,0
async_fifo,431,2256000,wr,2,mixed_stress,1,0,1,0,0,0,15,81,0
async_fifo,432,2264000,wr,2,mixed_stress,0,1,0,0,0,0,15,81,0
async_fifo,433,2268000,rd,2,mixed_stress,0,1,0,1,0,0,14,82,0
async_fifo,434,2272000,wr,2,mixed_stress,0,1,0,0,0,0,14,82,0
async_fifo,435,2280000,wr,2,mixed_stress,1,0,1,0,1,0,15,83,0
async_fifo,436,2282000,rd,2,mixed_stress,1,0,0,0,1,0,15,83,0
async_fifo,437,2288000,wr,2,mixed_stress,0,0,0,0,0,0,15,83,0
async_fifo,438,2296000,rd,2,mixed_stress,0,0,0,0,0,0,15,83,0
async_fifo,439,2296000,wr,2,mixed_stress,0,0,0,0,0,0,15,83,0
async_fifo,440,2304000,wr,2,mixed_stress,0,0,0,0,0,0,15,83,0
async_fifo,441,2310000,rd,2,mixed_stress,0,0,0,0,1,0,15,83,0
async_fifo,442,2312000,wr,2,mixed_stress,1,0,1,0,1,0,16,84,0
async_fifo,443,2320000,wr,2,mixed_stress,0,1,0,0,1,0,16,84,0
async_fifo,444,2324000,rd,2,mixed_stress,0,1,0,1,1,0,15,85,0
async_fifo,445,2328000,wr,2,mixed_stress,0,1,0,0,1,0,15,85,0
async_fifo,446,2336000,wr,2,mixed_stress,1,0,0,0,1,0,15,85,0
async_fifo,447,2338000,rd,2,mixed_stress,1,0,0,0,1,0,15,85,0
async_fifo,448,2344000,wr,2,mixed_stress,0,0,0,0,0,0,15,85,0
async_fifo,449,2352000,rd,2,mixed_stress,0,0,0,0,0,0,15,85,0
async_fifo,450,2352000,wr,2,mixed_stress,0,0,0,0,0,0,15,85,0
async_fifo,451,2360000,wr,2,mixed_stress,0,0,0,0,0,0,15,85,0
async_fifo,452,2366000,rd,2,mixed_stress,0,0,0,0,1,0,15,85,0
async_fifo,453,2368000,wr,2,mixed_stress,1,0,1,0,1,0,16,86,0
async_fifo,454,2376000,wr,2,mixed_stress,0,1,0,0,1,0,16,86,0
async_fifo,455,2380000,rd,2,mixed_stress,0,1,0,1,1,0,15,87,0
async_fifo,456,2384000,wr,2,mixed_stress,0,1,0,0,1,0,15,87,0
async_fifo,457,2392000,wr,2,mixed_stress,1,0,0,0,1,0,15,87,0
async_fifo,458,2394000,rd,2,mixed_stress,1,0,0,0,1,0,15,87,0
async_fifo,459,2400000,wr,2,mixed_stress,0,1,0,0,0,0,15,87,0
async_fifo,460,2408000,rd,2,mixed_stress,0,1,0,1,0,0,14,88,0
async_fifo,461,2408000,wr,2,mixed_stress,0,1,0,0,0,0,14,88,0
async_fifo,462,2416000,wr,3,drain_burst,0,0,0,0,0,0,14,88,0
async_fifo,463,2422000,rd,3,drain_burst,0,0,0,0,0,0,14,88,0
async_fifo,464,2424000,wr,3,drain_burst,0,0,0,0,0,0,14,88,0
async_fifo,465,2432000,wr,3,drain_burst,0,1,0,0,0,0,14,88,0
async_fifo,466,2436000,rd,3,drain_burst,0,1,0,1,0,0,13,89,0
async_fifo,467,2440000,wr,3,drain_burst,0,1,0,0,0,0,13,89,0
async_fifo,468,2448000,wr,3,drain_burst,0,0,0,0,0,0,13,89,0
async_fifo,469,2450000,rd,3,drain_burst,0,0,0,0,0,0,13,89,0
async_fifo,470,2456000,wr,3,drain_burst,0,1,0,0,0,0,13,89,0
async_fifo,471,2464000,rd,3,drain_burst,0,1,0,1,0,0,12,90,0
async_fifo,472,2464000,wr,3,drain_burst,0,1,0,0,0,0,12,90,0
async_fifo,473,2472000,wr,3,drain_burst,0,0,0,0,0,0,12,90,0
async_fifo,474,2478000,rd,3,drain_burst,0,0,0,0,0,0,12,90,0
async_fifo,475,2480000,wr,3,drain_burst,0,0,0,0,0,0,12,90,0
async_fifo,476,2488000,wr,3,drain_burst,0,1,0,0,0,0,12,90,0
async_fifo,477,2492000,rd,3,drain_burst,0,1,0,1,0,0,11,91,0
async_fifo,478,2496000,wr,3,drain_burst,0,1,0,0,0,0,11,91,0
async_fifo,479,2504000,wr,3,drain_burst,1,0,1,0,0,0,12,92,0
async_fifo,480,2506000,rd,3,drain_burst,1,0,0,0,0,0,12,92,0
async_fifo,481,2512000,wr,3,drain_burst,0,1,0,0,0,0,12,92,0
async_fifo,482,2520000,rd,3,drain_burst,0,1,0,1,0,0,11,93,0
async_fifo,483,2520000,wr,3,drain_burst,0,1,0,0,0,0,11,93,0
async_fifo,484,2528000,wr,3,drain_burst,0,0,0,0,0,0,11,93,0
async_fifo,485,2534000,rd,3,drain_burst,0,0,0,0,0,0,11,93,0
async_fifo,486,2536000,wr,3,drain_burst,1,0,1,0,0,0,12,94,0
async_fifo,487,2544000,wr,3,drain_burst,0,1,0,0,0,0,12,94,0
async_fifo,488,2548000,rd,3,drain_burst,0,1,0,1,0,0,11,95,0
async_fifo,489,2552000,wr,3,drain_burst,0,1,0,0,0,0,11,95,0
async_fifo,490,2560000,wr,3,drain_burst,0,0,0,0,0,0,11,95,0
async_fifo,491,2562000,rd,3,drain_burst,0,0,0,0,0,0,11,95,0
async_fifo,492,2568000,wr,3,drain_burst,0,1,0,0,0,0,11,95,0
async_fifo,493,2576000,rd,3,drain_burst,0,1,0,1,0,0,10,96,0
async_fifo,494,2576000,wr,3,drain_burst,0,1,0,0,0,0,10,96,0
async_fifo,495,2584000,wr,3,drain_burst,0,0,0,0,0,0,10,96,0
async_fifo,496,2590000,rd,3,drain_burst,0,0,0,0,0,0,10,96,0
async_fifo,497,2592000,wr,3,drain_burst,0,0,0,0,0,0,10,96,0
async_fifo,498,2600000,wr,3,drain_burst,0,1,0,0,0,0,10,96,0
async_fifo,499,2604000,rd,3,drain_burst,0,1,0,1,0,0,9,97,0
async_fifo,500,2608000,wr,3,drain_burst,0,1,0,0,0,0,9,97,0
async_fifo,501,2616000,wr,3,drain_burst,1,0,1,0,0,0,10,98,0
async_fifo,502,2618000,rd,3,drain_burst,1,0,0,0,0,0,10,98,0
async_fifo,503,2624000,wr,3,drain_burst,0,1,0,0,0,0,10,98,0
async_fifo,504,2632000,rd,3,drain_burst,0,1,0,1,0,0,9,99,0
async_fifo,505,2632000,wr,3,drain_burst,0,1,0,0,0,0,9,99,0
async_fifo,506,2640000,wr,3,drain_burst,0,0,0,0,0,0,9,99,0
async_fifo,507,2646000,rd,3,drain_burst,0,0,0,0,0,0,9,99,0
async_fifo,508,2648000,wr,3,drain_burst,0,0,0,0,0,0,9,99,0
async_fifo,509,2656000,wr,3,drain_burst,0,1,0,0,0,0,9,99,0
async_fifo,510,2660000,rd,3,drain_burst,0,1,0,1,0,0,8,100,0
async_fifo,511,2664000,wr,3,drain_burst,0,1,0,0,0,0,8,100,0
async_fifo,512,2672000,wr,3,drain_burst,0,0,0,0,0,0,8,100,0
async_fifo,513,2674000,rd,3,drain_burst,0,0,0,0,0,0,8,100,0
async_fifo,514,2680000,wr,3,drain_burst,0,1,0,0,0,0,8,100,0
async_fifo,515,2688000,rd,3,drain_burst,0,1,0,1,0,0,7,101,0
async_fifo,516,2688000,wr,3,drain_burst,0,1,0,0,0,0,7,101,0
async_fifo,517,2696000,wr,3,drain_burst,0,0,0,0,0,0,7,101,0
async_fifo,518,2702000,rd,3,drain_burst,0,0,0,0,0,0,7,101,0
async_fifo,519,2704000,wr,3,drain_burst,0,0,0,0,0,0,7,101,0
async_fifo,520,2712000,wr,3,drain_burst,0,1,0,0,0,0,7,101,0
async_fifo,521,2716000,rd,3,drain_burst,0,1,0,1,0,0,6,102,0
async_fifo,522,2720000,wr,3,drain_burst,0,1,0,0,0,0,6,102,0
async_fifo,523,2728000,wr,3,drain_burst,0,0,0,0,0,0,6,102,0
async_fifo,524,2730000,rd,3,drain_burst,0,0,0,0,0,0,6,102,0
async_fifo,525,2736000,wr,3,drain_burst,0,1,0,0,0,0,6,102,0
async_fifo,526,2744000,rd,3,drain_burst,0,1,0,1,0,0,5,103,0
async_fifo,527,2744000,wr,3,drain_burst,0,1,0,0,0,0,5,103,0
async_fifo,528,2752000,wr,3,drain_burst,0,0,0,0,0,0,5,103,0
async_fifo,529,2758000,rd,3,drain_burst,0,0,0,0,0,0,5,103,0
async_fifo,530,2760000,wr,3,drain_burst,0,0,0,0,0,0,5,103,0
async_fifo,531,2768000,wr,3,drain_burst,0,1,0,0,0,0,5,103,0
async_fifo,532,2772000,rd,3,drain_burst,0,1,0,1,0,0,4,104,0
async_fifo,533,2776000,wr,3,drain_burst,0,1,0,0,0,0,4,104,0
async_fifo,534,2784000,wr,3,drain_burst,0,0,0,0,0,0,4,104,0
async_fifo,535,2786000,rd,3,drain_burst,0,0,0,0,0,0,4,104,0
async_fifo,536,2792000,wr,3,drain_burst,0,1,0,0,0,0,4,104,0
async_fifo,537,2800000,rd,3,drain_burst,0,1,0,1,0,0,3,105,0
async_fifo,538,2800000,wr,3,drain_burst,0,1,0,0,0,0,3,105,0
async_fifo,539,2808000,wr,3,drain_burst,0,0,0,0,0,0,3,105,0
async_fifo,540,2814000,rd,3,drain_burst,0,0,0,0,0,0,3,105,0
async_fifo,541,2816000,wr,3,drain_burst,0,0,0,0,0,0,3,105,0
async_fifo,542,2824000,wr,3,drain_burst,0,1,0,0,0,0,3,105,0
async_fifo,543,2828000,rd,3,drain_burst,0,1,0,1,0,0,2,106,0
async_fifo,544,2832000,wr,3,drain_burst,0,1,0,0,0,0,2,106,0
async_fifo,545,2840000,wr,3,drain_burst,1,0,1,0,0,0,3,107,0
async_fifo,546,2842000,rd,3,drain_burst,1,0,0,0,0,0,3,107,0
async_fifo,547,2848000,wr,3,drain_burst,0,1,0,0,0,0,3,107,0
async_fifo,548,2856000,rd,3,drain_burst,0,1,0,1,0,0,2,108,0
async_fifo,549,2856000,wr,3,drain_burst,0,1,0,0,0,0,2,108,0
async_fifo,550,2864000,wr,3,drain_burst,0,0,0,0,0,0,2,108,0
async_fifo,551,2870000,rd,3,drain_burst,0,0,0,0,0,0,2,108,0
async_fifo,552,2872000,wr,3,drain_burst,0,0,0,0,0,0,2,108,0
async_fifo,553,2880000,wr,3,drain_burst,0,1,0,0,0,0,2,108,0
async_fifo,554,2884000,rd,3,drain_burst,0,1,0,1,0,0,1,109,0
async_fifo,555,2888000,wr,3,drain_burst,0,1,0,0,0,0,1,109,0
async_fifo,556,2896000,wr,3,drain_burst,0,0,0,0,0,0,1,109,0
async_fifo,557,2898000,rd,3,drain_burst,0,0,0,0,0,0,1,109,0
async_fifo,558,2904000,wr,3,drain_burst,0,1,0,0,0,0,1,109,0
async_fifo,559,2912000,rd,3,drain_burst,0,1,0,1,0,1,0,110,0
async_fifo,560,2912000,wr,3,drain_burst,0,1,0,0,0,1,0,110,0
async_fifo,561,2920000,wr,3,drain_burst,0,0,0,0,0,1,0,110,0
async_fifo,562,2926000,rd,3,drain_burst,0,0,0,0,0,1,0,110,0
async_fifo,563,2928000,wr,3,drain_burst,1,0,1,0,0,1,1,111,0
async_fifo,564,2936000,wr,3,drain_burst,0,1,0,0,0,1,1,111,0
async_fifo,565,2940000,rd,3,drain_burst,0,1,0,0,0,1,1,111,0
async_fifo,566,2944000,wr,3,drain_burst,0,1,0,0,0,1,1,111,0
async_fifo,567,2952000,wr,3,drain_burst,0,0,0,0,0,1,1,111,0
async_fifo,568,2954000,rd,3,drain_burst,0,0,0,0,0,1,1,111,0
async_fifo,569,2960000,wr,3,drain_burst,0,1,0,0,0,1,1,111,0
async_fifo,570,2968000,rd,3,drain_burst,0,1,0,0,0,0,1,111,0
async_fifo,571,2968000,wr,3,drain_burst,0,1,0,0,0,0,1,111,0
async_fifo,572,2976000,wr,3,drain_burst,0,0,0,0,0,0,1,111,0
async_fifo,573,2982000,rd,3,drain_burst,0,0,0,0,0,0,1,111,0
async_fifo,574,2984000,wr,3,drain_burst,0,0,0,0,0,0,1,111,0
async_fifo,575,2992000,wr,3,drain_burst,0,1,0,0,0,1,1,111,0
async_fifo,576,2996000,rd,3,drain_burst,0,1,0,1,0,1,0,112,0
async_fifo,577,3000000,wr,3,drain_burst,0,1,0,0,0,1,0,112,0
async_fifo,578,3008000,wr,3,drain_burst,0,0,0,0,0,1,0,112,0
async_fifo,579,3010000,rd,3,drain_burst,0,0,0,0,0,1,0,112,0
async_fifo,580,3016000,wr,3,drain_burst,0,1,0,0,0,1,0,112,0
async_fifo,581,3024000,rd,3,drain_burst,0,1,0,0,0,1,0,112,0
async_fifo,582,3024000,wr,3,drain_burst,0,1,0,0,0,1,0,112,0
async_fifo,583,3032000,wr,3,drain_burst,0,0,0,0,0,1,0,112,0
async_fifo,584,3038000,rd,3,drain_burst,0,0,0,0,0,1,0,112,0
async_fifo,585,3040000,wr,3,drain_burst,1,0,1,0,0,1,1,113,0
async_fifo,586,3048000,wr,3,drain_burst,0,1,0,0,0,1,1,113,0
async_fifo,587,3052000,rd,3,drain_burst,0,1,0,0,0,1,1,113,0
async_fifo,588,3056000,wr,3,drain_burst,0,1,0,0,0,1,1,113,0
async_fifo,589,3064000,wr,3,drain_burst,0,0,0,0,0,1,1,113,0
async_fifo,590,3066000,rd,3,drain_burst,0,0,0,0,0,1,1,113,0
async_fifo,591,3072000,wr,3,drain_burst,0,1,0,0,0,1,1,113,0
async_fifo,592,3080000,rd,3,drain_burst,0,1,0,0,0,0,1,113,0
async_fifo,593,3080000,wr,3,drain_burst,0,1,0,0,0,0,1,113,0
async_fifo,594,3088000,wr,3,drain_burst,0,0,0,0,0,0,1,113,0
async_fifo,595,3094000,rd,3,drain_burst,0,0,0,0,0,0,1,113,0
async_fifo,596,3096000,wr,3,drain_burst,0,0,0,0,0,0,1,113,0
async_fifo,597,3104000,wr,3,drain_burst,0,1,0,0,0,1,1,113,0
async_fifo,598,3108000,rd,3,drain_burst,0,1,0,1,0,1,0,114,0
async_fifo,599,3112000,wr,3,drain_burst,0,1,0,0,0,1,0,114,0
async_fifo,600,3120000,wr,3,drain_burst,0,0,0,0,0,1,0,114,0
async_fifo,601,3122000,rd,3,drain_burst,0,0,0,0,0,1,0,114,0
async_fifo,602,3128000,wr,3,drain_burst,0,1,0,0,0,1,0,114,0
async_fifo,603,3136000,rd,3,drain_burst,0,1,0,0,0,1,0,114,0
async_fifo,604,3136000,wr,3,drain_burst,0,1,0,0,0,1,0,114,0
async_fifo,605,3144000,wr,3,drain_burst,0,0,0,0,0,1,0,114,0
async_fifo,606,3150000,rd,3,drain_burst,0,0,0,0,0,1,0,114,0
async_fifo,607,3152000,wr,3,drain_burst,1,0,1,0,0,1,1,115,0
async_fifo,608,3160000,wr,3,drain_burst,0,1,0,0,0,1,1,115,0
async_fifo,609,3164000,rd,3,drain_burst,0,1,0,0,0,1,1,115,0
async_fifo,610,3168000,wr,3,drain_burst,0,1,0,0,0,1,1,115,0
async_fifo,611,3176000,wr,3,drain_burst,0,0,0,0,0,1,1,115,0
async_fifo,612,3178000,rd,3,drain_burst,0,0,0,0,0,1,1,115,0
async_fifo,613,3184000,wr,3,drain_burst,0,1,0,0,0,1,1,115,0
async_fifo,614,3192000,rd,3,drain_burst,0,1,0,0,0,0,1,115,0
async_fifo,615,3192000,wr,3,drain_burst,0,1,0,0,0,0,1,115,0
async_fifo,616,3200000,wr,3,drain_burst,0,0,0,0,0,0,1,115,0
async_fifo,617,3206000,rd,3,drain_burst,0,0,0,0,0,0,1,115,0
async_fifo,618,3208000,wr,3,drain_burst,1,0,1,0,0,0,2,116,0
async_fifo,619,3216000,wr,3,drain_burst,0,1,0,0,0,1,2,116,0
async_fifo,620,3220000,rd,3,drain_burst,0,1,0,1,0,1,1,117,0
async_fifo,621,3224000,wr,3,drain_burst,0,1,0,0,0,1,1,117,0
async_fifo,622,3232000,wr,3,drain_burst,0,0,0,0,0,1,1,117,0
async_fifo,623,3234000,rd,3,drain_burst,0,0,0,0,0,1,1,117,0
async_fifo,624,3240000,wr,3,drain_burst,0,1,0,0,0,1,1,117,0
async_fifo,625,3248000,rd,3,drain_burst,0,1,0,0,0,0,1,117,0
async_fifo,626,3248000,wr,3,drain_burst,0,1,0,0,0,0,1,117,0
async_fifo,627,3256000,wr,3,drain_burst,0,0,0,0,0,0,1,117,0
async_fifo,628,3262000,rd,3,drain_burst,0,0,0,0,0,0,1,117,0
async_fifo,629,3264000,wr,3,drain_burst,0,0,0,0,0,0,1,117,0
async_fifo,630,3272000,wr,3,drain_burst,0,1,0,0,0,1,1,117,0
async_fifo,631,3276000,rd,3,drain_burst,0,1,0,1,0,1,0,118,0
async_fifo,632,3280000,wr,3,drain_burst,0,1,0,0,0,1,0,118,0
async_fifo,633,3288000,wr,3,drain_burst,0,0,0,0,0,1,0,118,0
async_fifo,634,3290000,rd,3,drain_burst,0,0,0,0,0,1,0,118,0
async_fifo,635,3296000,wr,3,drain_burst,0,1,0,0,0,1,0,118,0
async_fifo,636,3304000,rd,3,drain_burst,0,1,0,0,0,1,0,118,0
async_fifo,637,3304000,wr,3,drain_burst,0,1,0,0,0,1,0,118,0
async_fifo,638,3312000,wr,3,drain_burst,0,0,0,0,0,1,0,118,0
async_fifo,639,3318000,rd,3,drain_burst,0,0,0,0,0,1,0,118,0
async_fifo,640,3320000,wr,3,drain_burst,0,0,0,0,0,1,0,118,0
async_fifo,641,3328000,wr,3,drain_burst,0,1,0,0,0,1,0,118,0
async_fifo,642,3332000,rd,3,drain_burst,0,1,0,0,0,1,0,118,0
async_fifo,643,3336000,wr,3,drain_burst,0,1,0,0,0,1,0,118,0
async_fifo,644,3344000,wr,3,drain_burst,1,0,1,0,0,1,1,119,0
async_fifo,645,3346000,rd,3,drain_burst,1,0,0,0,0,1,1,119,0
async_fifo,646,3352000,wr,3,drain_burst,0,1,0,0,0,1,1,119,0
async_fifo,647,3360000,rd,3,drain_burst,0,1,0,0,0,1,1,119,0
async_fifo,648,3360000,wr,3,drain_burst,0,1,0,0,0,1,1,119,0
async_fifo,649,3368000,wr,3,drain_burst,0,0,0,0,0,1,1,119,0
async_fifo,650,3374000,rd,3,drain_burst,0,0,0,0,0,1,1,119,0
async_fifo,651,3376000,wr,3,drain_burst,0,0,0,0,0,1,1,119,0
async_fifo,652,3384000,wr,3,drain_burst,0,1,0,0,0,0,1,119,0
async_fifo,653,3388000,rd,3,drain_burst,0,1,0,0,0,0,1,119,0
async_fifo,654,3392000,wr,3,drain_burst,0,1,0,0,0,0,1,119,0
async_fifo,655,3400000,wr,3,drain_burst,0,0,0,0,0,0,1,119,0
async_fifo,656,3402000,rd,3,drain_burst,0,0,0,0,0,0,1,119,0
async_fifo,657,3408000,wr,3,drain_burst,0,1,0,0,0,0,1,119,0
async_fifo,658,3416000,rd,3,drain_burst,0,1,0,1,0,1,0,120,0
async_fifo,659,3416000,wr,3,drain_burst,0,1,0,0,0,1,0,120,0
async_fifo,660,3424000,wr,3,drain_burst,0,0,0,0,0,1,0,120,0
async_fifo,661,3430000,rd,3,drain_burst,0,0,0,0,0,1,0,120,0
async_fifo,662,3432000,wr,3,drain_burst,0,0,0,0,0,1,0,120,0
async_fifo,663,3440000,wr,3,drain_burst,0,1,0,0,0,1,0,120,0
async_fifo,664,3444000,rd,3,drain_burst,0,1,0,0,0,1,0,120,0
async_fifo,665,3448000,wr,3,drain_burst,0,1,0,0,0,1,0,120,0
async_fifo,666,3456000,wr,3,drain_burst,1,0,1,0,0,1,1,121,0
async_fifo,667,3458000,rd,3,drain_burst,1,0,0,0,0,1,1,121,0
async_fifo,668,3464000,wr,3,drain_burst,0,1,0,0,0,1,1,121,0
async_fifo,669,3472000,rd,3,drain_burst,0,1,0,0,0,1,1,121,0
async_fifo,670,3472000,wr,3,drain_burst,0,1,0,0,0,1,1,121,0
async_fifo,671,3480000,wr,3,drain_burst,0,0,0,0,0,1,1,121,0
async_fifo,672,3486000,rd,3,drain_burst,0,0,0,0,0,1,1,121,0
async_fifo,673,3488000,wr,3,drain_burst,0,0,0,0,0,1,1,121,0
async_fifo,674,3496000,wr,3,drain_burst,0,1,0,0,0,0,1,121,0
async_fifo,675,3500000,rd,3,drain_burst,0,1,0,0,0,0,1,121,0
async_fifo,676,3504000,wr,3,drain_burst,0,1,0,0,0,0,1,121,0
async_fifo,677,3512000,wr,3,drain_burst,0,0,0,0,0,0,1,121,0
async_fifo,678,3514000,rd,3,drain_burst,0,0,0,0,0,0,1,121,0
async_fifo,679,3520000,wr,3,drain_burst,0,1,0,0,0,0,1,121,0
async_fifo,680,3528000,rd,3,drain_burst,0,1,0,1,0,1,0,122,0
async_fifo,681,3528000,wr,3,drain_burst,0,1,0,0,0,1,0,122,0
async_fifo,682,3536000,wr,3,drain_burst,0,0,0,0,0,1,0,122,0
async_fifo,683,3542000,rd,3,drain_burst,0,0,0,0,0,1,0,122,0
async_fifo,684,3544000,wr,3,drain_burst,0,0,0,0,0,1,0,122,0
async_fifo,685,3552000,wr,3,drain_burst,0,1,0,0,0,1,0,122,0
async_fifo,686,3556000,rd,3,drain_burst,0,1,0,0,0,1,0,122,0
async_fifo,687,3560000,wr,3,drain_burst,0,1,0,0,0,1,0,122,0
async_fifo,688,3568000,wr,3,drain_burst,0,0,0,0,0,1,0,122,0
async_fifo,689,3570000,rd,3,drain_burst,0,0,0,0,0,1,0,122,0
async_fifo,690,3576000,wr,3,drain_burst,0,1,0,0,0,1,0,122,0
async_fifo,691,3584000,rd,3,drain_burst,0,1,0,0,0,1,0,122,0
async_fifo,692,3584000,wr,3,drain_burst,0,1,0,0,0,1,0,122,0
async_fifo,693,3592000,wr,4,full_pressure,0,0,0,0,0,1,0,122,0
async_fifo,694,3598000,rd,4,full_pressure,0,0,0,0,0,1,0,122,0
async_fifo,695,3600000,wr,4,full_pressure,1,0,1,0,0,1,1,123,0
async_fifo,696,3608000,wr,4,full_pressure,0,0,0,0,0,1,1,123,0
async_fifo,697,3612000,rd,4,full_pressure,0,0,0,0,0,1,1,123,0
async_fifo,698,3616000,wr,4,full_pressure,0,0,0,0,0,1,1,123,0
async_fifo,699,3624000,wr,4,full_pressure,1,0,1,0,0,1,2,124,0
async_fifo,700,3626000,rd,4,full_pressure,1,0,0,0,0,1,2,124,0
async_fifo,701,3632000,wr,4,full_pressure,0,0,0,0,0,1,2,124,0
async_fifo,702,3640000,rd,4,full_pressure,0,0,0,0,0,0,2,124,0
async_fifo,703,3640000,wr,4,full_pressure,0,0,0,0,0,0,2,124,0
async_fifo,704,3648000,wr,4,full_pressure,0,0,0,0,0,0,2,124,0
async_fifo,705,3654000,rd,4,full_pressure,0,0,0,0,0,0,2,124,0
async_fifo,706,3656000,wr,4,full_pressure,1,0,1,0,0,0,3,125,0
async_fifo,707,3664000,wr,4,full_pressure,0,1,0,0,0,0,3,125,0
async_fifo,708,3668000,rd,4,full_pressure,0,1,0,1,0,0,2,126,0
async_fifo,709,3672000,wr,4,full_pressure,0,1,0,0,0,0,2,126,0
async_fifo,710,3680000,wr,4,full_pressure,1,0,1,0,0,0,3,127,0
async_fifo,711,3682000,rd,4,full_pressure,1,0,0,0,0,0,3,127,0
async_fifo,712,3688000,wr,4,full_pressure,0,0,0,0,0,0,3,127,0
async_fifo,713,3696000,rd,4,full_pressure,0,0,0,0,0,0,3,127,0
async_fifo,714,3696000,wr,4,full_pressure,0,0,0,0,0,0,3,127,0
async_fifo,715,3704000,wr,4,full_pressure,0,0,0,0,0,0,3,127,0
async_fifo,716,3710000,rd,4,full_pressure,0,0,0,0,0,0,3,127,0
async_fifo,717,3712000,wr,4,full_pressure,1,0,1,0,0,0,4,128,0
async_fifo,718,3720000,wr,4,full_pressure,0,1,0,0,0,0,4,128,0
async_fifo,719,3724000,rd,4,full_pressure,0,1,0,1,0,0,3,129,0
async_fifo,720,3728000,wr,4,full_pressure,0,1,0,0,0,0,3,129,0
async_fifo,721,3736000,wr,4,full_pressure,1,0,1,0,0,0,4,130,0
async_fifo,722,3738000,rd,4,full_pressure,1,0,0,0,0,0,4,130,0
async_fifo,723,3744000,wr,4,full_pressure,0,0,0,0,0,0,4,130,0
async_fifo,724,3752000,rd,4,full_pressure,0,0,0,0,0,0,4,130,0
async_fifo,725,3752000,wr,4,full_pressure,0,0,0,0,0,0,4,130,0
async_fifo,726,3760000,wr,4,full_pressure,0,0,0,0,0,0,4,130,0
async_fifo,727,3766000,rd,4,full_pressure,0,0,0,0,0,0,4,130,0
async_fifo,728,3768000,wr,4,full_pressure,1,0,1,0,0,0,5,131,0
async_fifo,729,3776000,wr,4,full_pressure,0,1,0,0,0,0,5,131,0
async_fifo,730,3780000,rd,4,full_pressure,0,1,0,1,0,0,4,132,0
async_fifo,731,3784000,wr,4,full_pressure,0,1,0,0,0,0,4,132,0
async_fifo,732,3792000,wr,4,full_pressure,1,0,1,0,0,0,5,133,0
async_fifo,733,3794000,rd,4,full_pressure,1,0,0,0,0,0,5,133,0
async_fifo,734,3800000,wr,4,full_pressure,0,1,0,0,0,0,5,133,0
async_fifo,735,3808000,rd,4,full_pressure,0,1,0,1,0,0,4,134,0
async_fifo,736,3808000,wr,4,full_pressure,0,1,0,0,0,0,4,134,0
async_fifo,737,3816000,wr,4,full_pressure,0,0,0,0,0,0,4,134,0
async_fifo,738,3822000,rd,4,full_pressure,0,0,0,0,0,0,4,134,0
async_fifo,739,3824000,wr,4,full_pressure,1,0,1,0,0,0,5,135,0
async_fifo,740,3832000,wr,4,full_pressure,0,0,0,0,0,0,5,135,0
async_fifo,741,3836000,rd,4,full_pressure,0,0,0,0,0,0,5,135,0
async_fifo,742,3840000,wr,4,full_pressure,0,0,0,0,0,0,5,135,0
async_fifo,743,3848000,wr,4,full_pressure,1,0,1,0,0,0,6,136,0
async_fifo,744,3850000,rd,4,full_pressure,1,0,0,0,0,0,6,136,0
async_fifo,745,3856000,wr,4,full_pressure,0,0,0,0,0,0,6,136,0
async_fifo,746,3864000,rd,4,full_pressure,0,0,0,0,0,0,6,136,0
async_fifo,747,3864000,wr,4,full_pressure,0,0,0,0,0,0,6,136,0
async_fifo,748,3872000,wr,4,full_pressure,0,0,0,0,0,0,6,136,0
async_fifo,749,3878000,rd,4,full_pressure,0,0,0,0,0,0,6,136,0
async_fifo,750,3880000,wr,4,full_pressure,1,0,1,0,0,0,7,137,0
async_fifo,751,3888000,wr,4,full_pressure,0,0,0,0,0,0,7,137,0
async_fifo,752,3892000,rd,4,full_pressure,0,0,0,0,0,0,7,137,0
async_fifo,753,3896000,wr,4,full_pressure,0,0,0,0,0,0,7,137,0
async_fifo,754,3904000,wr,4,full_pressure,1,0,1,0,0,0,8,138,0
async_fifo,755,3906000,rd,4,full_pressure,1,0,0,0,0,0,8,138,0
async_fifo,756,3912000,wr,4,full_pressure,0,0,0,0,0,0,8,138,0
async_fifo,757,3920000,rd,4,full_pressure,0,0,0,0,0,0,8,138,0
async_fifo,758,3920000,wr,4,full_pressure,0,0,0,0,0,0,8,138,0
async_fifo,759,3928000,wr,4,full_pressure,0,0,0,0,0,0,8,138,0
async_fifo,760,3934000,rd,4,full_pressure,0,0,0,0,0,0,8,138,0
async_fifo,761,3936000,wr,4,full_pressure,1,0,1,0,0,0,9,139,0
async_fifo,762,3944000,wr,4,full_pressure,0,0,0,0,0,0,9,139,0
async_fifo,763,3948000,rd,4,full_pressure,0,0,0,0,0,0,9,139,0
async_fifo,764,3952000,wr,4,full_pressure,0,0,0,0,0,0,9,139,0
async_fifo,765,3960000,wr,4,full_pressure,1,0,1,0,0,0,10,140,0
async_fifo,766,3962000,rd,4,full_pressure,1,0,0,0,0,0,10,140,0
async_fifo,767,3968000,wr,4,full_pressure,0,1,0,0,0,0,10,140,0
async_fifo,768,3976000,rd,4,full_pressure,0,1,0,1,0,0,9,141,0
async_fifo,769,3976000,wr,4,full_pressure,0,1,0,0,0,0,9,141,0
async_fifo,770,3984000,wr,4,full_pressure,0,0,0,0,0,0,9,141,0
async_fifo,771,3990000,rd,4,full_pressure,0,0,0,0,0,0,9,141,0
async_fifo,772,3992000,wr,4,full_pressure,1,0,1,0,0,0,10,142,0
async_fifo,773,4000000,wr,4,full_pressure,0,0,0,0,0,0,10,142,0
async_fifo,774,4004000,rd,4,full_pressure,0,0,0,0,0,0,10,142,0
async_fifo,775,4008000,wr,4,full_pressure,0,0,0,0,0,0,10,142,0
async_fifo,776,4016000,wr,4,full_pressure,1,0,1,0,0,0,11,143,0
async_fifo,777,4018000,rd,4,full_pressure,1,0,0,0,0,0,11,143,0
async_fifo,778,4024000,wr,4,full_pressure,0,0,0,0,0,0,11,143,0
async_fifo,779,4032000,rd,4,full_pressure,0,0,0,0,0,0,11,143,0
async_fifo,780,4032000,wr,4,full_pressure,0,0,0,0,0,0,11,143,0
async_fifo,781,4040000,wr,4,full_pressure,0,0,0,0,0,0,11,143,0
async_fifo,782,4046000,rd,4,full_pressure,0,0,0,0,0,0,11,143,0
async_fifo,783,4048000,wr,4,full_pressure,1,0,1,0,0,0,12,144,0
async_fifo,784,4056000,wr,4,full_pressure,0,0,0,0,0,0,12,144,0
async_fifo,785,4060000,rd,4,full_pressure,0,0,0,0,0,0,12,144,0
async_fifo,786,4064000,wr,4,full_pressure,0,0,0,0,0,0,12,144,0
async_fifo,787,4072000,wr,4,full_pressure,1,0,1,0,0,0,13,145,0
async_fifo,788,4074000,rd,4,full_pressure,1,0,0,0,0,0,13,145,0
async_fifo,789,4080000,wr,4,full_pressure,0,1,0,0,0,0,13,145,0
async_fifo,790,4088000,rd,4,full_pressure,0,1,0,1,0,0,12,146,0
async_fifo,791,4088000,wr,4,full_pressure,0,1,0,0,0,0,12,146,0
async_fifo,792,4096000,wr,4,full_pressure,0,0,0,0,0,0,12,146,0
async_fifo,793,4102000,rd,4,full_pressure,0,0,0,0,0,0,12,146,0
async_fifo,794,4104000,wr,4,full_pressure,1,0,1,0,0,0,13,147,0
async_fifo,795,4112000,wr,4,full_pressure,0,0,0,0,0,0,13,147,0
async_fifo,796,4116000,rd,4,full_pressure,0,0,0,0,0,0,13,147,0
async_fifo,797,4120000,wr,4,full_pressure,0,0,0,0,0,0,13,147,0
async_fifo,798,4128000,wr,4,full_pressure,1,0,1,0,0,0,14,148,0
async_fifo,799,4130000,rd,4,full_pressure,1,0,0,0,0,0,14,148,0
async_fifo,800,4136000,wr,4,full_pressure,0,0,0,0,0,0,14,148,0
async_fifo,801,4144000,rd,4,full_pressure,0,0,0,0,0,0,14,148,0
async_fifo,802,4144000,wr,4,full_pressure,0,0,0,0,0,0,14,148,0
async_fifo,803,4152000,wr,4,full_pressure,0,0,0,0,0,0,14,148,0
async_fifo,804,4158000,rd,4,full_pressure,0,0,0,0,0,0,14,148,0
async_fifo,805,4160000,wr,4,full_pressure,1,0,1,0,0,0,15,149,0
async_fifo,806,4168000,wr,4,full_pressure,0,0,0,0,0,0,15,149,0
async_fifo,807,4172000,rd,4,full_pressure,0,0,0,0,0,0,15,149,0
async_fifo,808,4176000,wr,4,full_pressure,0,0,0,0,0,0,15,149,0
async_fifo,809,4184000,wr,4,full_pressure,1,0,1,0,1,0,16,150,0
async_fifo,810,4186000,rd,4,full_pressure,1,0,0,0,1,0,16,150,0
async_fifo,811,4192000,wr,4,full_pressure,0,0,0,0,1,0,16,150,0
async_fifo,812,4200000,rd,4,full_pressure,0,0,0,0,1,0,16,150,0
async_fifo,813,4200000,wr,4,full_pressure,0,0,0,0,1,0,16,150,0
async_fifo,814,4208000,wr,4,full_pressure,0,0,0,0,1,0,16,150,0
async_fifo,815,4214000,rd,4,full_pressure,0,0,0,0,1,0,16,150,0
async_fifo,816,4216000,wr,4,full_pressure,1,0,0,0,1,0,16,150,0
async_fifo,817,4224000,wr,4,full_pressure,0,0,0,0,1,0,16,150,0
async_fifo,818,4228000,rd,4,full_pressure,0,0,0,0,1,0,16,150,0
async_fifo,819,4232000,wr,4,full_pressure,0,0,0,0,1,0,16,150,0
async_fifo,820,4240000,wr,4,full_pressure,1,0,0,0,1,0,16,150,0
async_fifo,821,4242000,rd,4,full_pressure,1,0,0,0,1,0,16,150,0
async_fifo,822,4248000,wr,4,full_pressure,0,0,0,0,1,0,16,150,0
async_fifo,823,4256000,rd,4,full_pressure,0,0,0,0,1,0,16,150,0
async_fifo,824,4256000,wr,4,full_pressure,0,0,0,0,1,0,16,150,0
async_fifo,825,4264000,wr,4,full_pressure,0,0,0,0,1,0,16,150,0
async_fifo,826,4270000,rd,4,full_pressure,0,0,0,0,1,0,16,150,0
async_fifo,827,4272000,wr,4,full_pressure,1,0,0,0,1,0,16,150,0
async_fifo,828,4280000,wr,4,full_pressure,0,0,0,0,1,0,16,150,0
async_fifo,829,4284000,rd,4,full_pressure,0,0,0,0,1,0,16,150,0
async_fifo,830,4288000,wr,4,full_pressure,0,0,0,0,1,0,16,150,0
async_fifo,831,4296000,wr,4,full_pressure,1,0,0,0,1,0,16,150,0
async_fifo,832,4298000,rd,4,full_pressure,1,0,0,0,1,0,16,150,0
async_fifo,833,4304000,wr,4,full_pressure,0,0,0,0,1,0,16,150,0
async_fifo,834,4312000,rd,4,full_pressure,0,0,0,0,1,0,16,150,0
async_fifo,835,4312000,wr,4,full_pressure,0,0,0,0,1,0,16,150,0
async_fifo,836,4320000,wr,4,full_pressure,0,0,0,0,1,0,16,150,0
async_fifo,837,4326000,rd,4,full_pressure,0,0,0,0,1,0,16,150,0
async_fifo,838,4328000,wr,4,full_pressure,1,0,0,0,1,0,16,150,0
async_fifo,839,4336000,wr,4,full_pressure,0,0,0,0,1,0,16,150,0
async_fifo,840,4340000,rd,4,full_pressure,0,0,0,0,1,0,16,150,0
async_fifo,841,4344000,wr,4,full_pressure,0,0,0,0,1,0,16,150,0
async_fifo,842,4352000,wr,4,full_pressure,1,0,0,0,1,0,16,150,0
async_fifo,843,4354000,rd,4,full_pressure,1,0,0,0,1,0,16,150,0
async_fifo,844,4360000,wr,4,full_pressure,0,0,0,0,1,0,16,150,0
async_fifo,845,4368000,rd,4,full_pressure,0,0,0,0,1,0,16,150,0
async_fifo,846,4368000,wr,4,full_pressure,0,0,0,0,1,0,16,150,0
async_fifo,847,4376000,wr,4,full_pressure,0,0,0,0,1,0,16,150,0
async_fifo,848,4382000,rd,4,full_pressure,0,0,0,0,1,0,16,150,0
async_fifo,849,4384000,wr,4,full_pressure,1,0,0,0,1,0,16,150,0
async_fifo,850,4392000,wr,4,full_pressure,0,1,0,0,1,0,16,150,0
async_fifo,851,4396000,rd,4,full_pressure,0,1,0,1,1,0,15,151,0
async_fifo,852,4400000,wr,4,full_pressure,0,1,0,0,1,0,15,151,0
async_fifo,853,4408000,wr,4,full_pressure,1,0,0,0,1,0,15,151,0
async_fifo,854,4410000,rd,4,full_pressure,1,0,0,0,1,0,15,151,0
async_fifo,855,4416000,wr,4,full_pressure,0,1,0,0,0,0,15,151,0
async_fifo,856,4424000,rd,4,full_pressure,0,1,0,1,0,0,14,152,0
async_fifo,857,4424000,wr,4,full_pressure,0,1,0,0,0,0,14,152,0
async_fifo,858,4432000,wr,4,full_pressure,0,0,0,0,0,0,14,152,0
async_fifo,859,4438000,rd,4,full_pressure,0,0,0,0,0,0,14,152,0
async_fifo,860,4440000,wr,4,full_pressure,1,0,1,0,0,0,15,153,0
async_fifo,861,4448000,wr,4,full_pressure,0,0,0,0,0,0,15,153,0
async_fifo,862,4452000,rd,4,full_pressure,0,0,0,0,0,0,15,153,0
async_fifo,863,4456000,wr,4,full_pressure,0,0,0,0,0,0,15,153,0
async_fifo,864,4464000,wr,4,full_pressure,1,0,1,0,1,0,16,154,0
async_fifo,865,4466000,rd,4,full_pressure,1,0,0,0,1,0,16,154,0
async_fifo,866,4472000,wr,4,full_pressure,0,0,0,0,1,0,16,154,0
async_fifo,867,4480000,rd,4,full_pressure,0,0,0,0,1,0,16,154,0
async_fifo,868,4480000,wr,4,full_pressure,0,0,0,0,1,0,16,154,0
async_fifo,869,4488000,wr,4,full_pressure,0,0,0,0,1,0,16,154,0
async_fifo,870,4494000,rd,4,full_pressure,0,0,0,0,1,0,16,154,0
async_fifo,871,4496000,wr,4,full_pressure,1,0,0,0,1,0,16,154,0
async_fifo,872,4504000,wr,4,full_pressure,0,0,0,0,1,0,16,154,0
async_fifo,873,4508000,rd,4,full_pressure,0,0,0,0,1,0,16,154,0
async_fifo,874,4512000,wr,4,full_pressure,0,0,0,0,1,0,16,154,0
async_fifo,875,4520000,wr,4,full_pressure,1,0,0,0,1,0,16,154,0
async_fifo,876,4522000,rd,4,full_pressure,1,0,0,0,1,0,16,154,0
async_fifo,877,4528000,wr,4,full_pressure,0,1,0,0,1,0,16,154,0
async_fifo,878,4536000,rd,4,full_pressure,0,1,0,1,1,0,15,155,0
async_fifo,879,4536000,wr,4,full_pressure,0,1,0,0,1,0,15,155,0
async_fifo,880,4544000,wr,4,full_pressure,0,0,0,0,1,0,15,155,0
async_fifo,881,4550000,rd,4,full_pressure,0,0,0,0,0,0,15,155,0
async_fifo,882,4552000,wr,4,full_pressure,1,0,0,0,0,0,15,155,0
async_fifo,883,4560000,wr,4,full_pressure,0,0,0,0,0,0,15,155,0
async_fifo,884,4564000,rd,4,full_pressure,0,0,0,0,0,0,15,155,0
async_fifo,885,4568000,wr,4,full_pressure,0,0,0,0,0,0,15,155,0
async_fifo,886,4576000,wr,4,full_pressure,1,0,1,0,1,0,16,156,0
async_fifo,887,4578000,rd,4,full_pressure,1,0,0,0,1,0,16,156,0
async_fifo,888,4584000,wr,4,full_pressure,0,0,0,0,1,0,16,156,0
async_fifo,889,4592000,rd,4,full_pressure,0,0,0,0,1,0,16,156,0
async_fifo,890,4592000,wr,4,full_pressure,0,0,0,0,1,0,16,156,0
async_fifo,891,4600000,wr,4,full_pressure,0,0,0,0,1,0,16,156,0
async_fifo,892,4606000,rd,4,full_pressure,0,0,0,0,1,0,16,156,0
async_fifo,893,4608000,wr,4,full_pressure,1,0,0,0,1,0,16,156,0
async_fifo,894,4616000,wr,4,full_pressure,0,0,0,0,1,0,16,156,0
async_fifo,895,4620000,rd,4,full_pressure,0,0,0,0,1,0,16,156,0
async_fifo,896,4624000,wr,4,full_pressure,0,0,0,0,1,0,16,156,0
async_fifo,897,4632000,wr,4,full_pressure,1,0,0,0,1,0,16,156,0
async_fifo,898,4634000,rd,4,full_pressure,1,0,0,0,1,0,16,156,0
async_fifo,899,4640000,wr,4,full_pressure,0,0,0,0,1,0,16,156,0
async_fifo,900,4648000,rd,4,full_pressure,0,0,0,0,1,0,16,156,0
async_fifo,901,4648000,wr,4,full_pressure,0,0,0,0,1,0,16,156,0
async_fifo,902,4656000,wr,4,full_pressure,0,0,0,0,1,0,16,156,0
async_fifo,903,4662000,rd,4,full_pressure,0,0,0,0,1,0,16,156,0
async_fifo,904,4664000,wr,4,full_pressure,1,0,0,0,1,0,16,156,0
async_fifo,905,4672000,wr,4,full_pressure,0,0,0,0,1,0,16,156,0
async_fifo,906,4676000,rd,4,full_pressure,0,0,0,0,1,0,16,156,0
async_fifo,907,4680000,wr,4,full_pressure,0,0,0,0,1,0,16,156,0
async_fifo,908,4688000,wr,4,full_pressure,1,0,0,0,1,0,16,156,0
async_fifo,909,4690000,rd,4,full_pressure,1,0,0,0,1,0,16,156,0
async_fifo,910,4696000,wr,4,full_pressure,0,1,0,0,1,0,16,156,0
async_fifo,911,4704000,rd,4,full_pressure,0,1,0,1,1,0,15,157,0
async_fifo,912,4704000,wr,4,full_pressure,0,1,0,0,1,0,15,157,0
async_fifo,913,4712000,wr,4,full_pressure,0,0,0,0,1,0,15,157,0
async_fifo,914,4718000,rd,4,full_pressure,0,0,0,0,0,0,15,157,0
async_fifo,915,4720000,wr,4,full_pressure,1,0,0,0,0,0,15,157,0
async_fifo,916,4728000,wr,4,full_pressure,0,1,0,0,0,0,15,157,0
async_fifo,917,4732000,rd,4,full_pressure,0,1,0,1,0,0,14,158,0
async_fifo,918,4736000,wr,4,full_pressure,0,1,0,0,0,0,14,158,0
async_fifo,919,4744000,wr,4,full_pressure,1,0,1,0,1,0,15,159,0
async_fifo,920,4746000,rd,4,full_pressure,1,0,0,0,1,0,15,159,0
async_fifo,921,4752000,wr,4,full_pressure,0,0,0,0,0,0,15,159,0
async_fifo,922,4760000,rd,4,full_pressure,0,0,0,0,0,0,15,159,0
async_fifo,923,4760000,wr,4,full_pressure,0,0,0,0,0,0,15,159,0
async_fifo,924,4768000,wr,5,empty_pressure,0,0,0,0,0,0,15,159,0
async_fifo,925,4774000,rd,5,empty_pressure,0,0,0,0,0,0,15,159,0
async_fifo,926,4776000,wr,5,empty_pressure,0,0,0,0,0,0,15,159,0
async_fifo,927,4784000,wr,5,empty_pressure,0,1,0,0,0,0,15,159,0
async_fifo,928,4788000,rd,5,empty_pressure,0,1,0,1,0,0,14,160,0
async_fifo,929,4792000,wr,5,empty_pressure,0,1,0,0,0,0,14,160,0
async_fifo,930,4800000,wr,5,empty_pressure,0,0,0,0,0,0,14,160,0
async_fifo,931,4802000,rd,5,empty_pressure,0,0,0,0,0,0,14,160,0
async_fifo,932,4808000,wr,5,empty_pressure,0,1,0,0,0,0,14,160,0
async_fifo,933,4816000,rd,5,empty_pressure,0,1,0,1,0,0,13,161,0
async_fifo,934,4816000,wr,5,empty_pressure,0,1,0,0,0,0,13,161,0
async_fifo,935,4824000,wr,5,empty_pressure,0,0,0,0,0,0,13,161,0
async_fifo,936,4830000,rd,5,empty_pressure,0,0,0,0,0,0,13,161,0
async_fifo,937,4832000,wr,5,empty_pressure,0,0,0,0,0,0,13,161,0
async_fifo,938,4840000,wr,5,empty_pressure,0,1,0,0,0,0,13,161,0
async_fifo,939,4844000,rd,5,empty_pressure,0,1,0,1,0,0,12,162,0
async_fifo,940,4848000,wr,5,empty_pressure,0,1,0,0,0,0,12,162,0
async_fifo,941,4856000,wr,5,empty_pressure,0,0,0,0,0,0,12,162,0
async_fifo,942,4858000,rd,5,empty_pressure,0,0,0,0,0,0,12,162,0
async_fifo,943,4864000,wr,5,empty_pressure,0,1,0,0,0,0,12,162,0
async_fifo,944,4872000,rd,5,empty_pressure,0,1,0,1,0,0,11,163,0
async_fifo,945,4872000,wr,5,empty_pressure,0,1,0,0,0,0,11,163,0
async_fifo,946,4880000,wr,5,empty_pressure,0,0,0,0,0,0,11,163,0
async_fifo,947,4886000,rd,5,empty_pressure,0,0,0,0,0,0,11,163,0
async_fifo,948,4888000,wr,5,empty_pressure,0,0,0,0,0,0,11,163,0
async_fifo,949,4896000,wr,5,empty_pressure,0,1,0,0,0,0,11,163,0
async_fifo,950,4900000,rd,5,empty_pressure,0,1,0,1,0,0,10,164,0
async_fifo,951,4904000,wr,5,empty_pressure,0,1,0,0,0,0,10,164,0
async_fifo,952,4912000,wr,5,empty_pressure,0,0,0,0,0,0,10,164,0
async_fifo,953,4914000,rd,5,empty_pressure,0,0,0,0,0,0,10,164,0
async_fifo,954,4920000,wr,5,empty_pressure,0,1,0,0,0,0,10,164,0
async_fifo,955,4928000,rd,5,empty_pressure,0,1,0,1,0,0,9,165,0
async_fifo,956,4928000,wr,5,empty_pressure,0,1,0,0,0,0,9,165,0
async_fifo,957,4936000,wr,5,empty_pressure,0,0,0,0,0,0,9,165,0
async_fifo,958,4942000,rd,5,empty_pressure,0,0,0,0,0,0,9,165,0
async_fifo,959,4944000,wr,5,empty_pressure,0,0,0,0,0,0,9,165,0
async_fifo,960,4952000,wr,5,empty_pressure,0,1,0,0,0,0,9,165,0
async_fifo,961,4956000,rd,5,empty_pressure,0,1,0,1,0,0,8,166,0
async_fifo,962,4960000,wr,5,empty_pressure,0,1,0,0,0,0,8,166,0
async_fifo,963,4968000,wr,5,empty_pressure,0,0,0,0,0,0,8,166,0
async_fifo,964,4970000,rd,5,empty_pressure,0,0,0,0,0,0,8,166,0
async_fifo,965,4976000,wr,5,empty_pressure,0,1,0,0,0,0,8,166,0
async_fifo,966,4984000,rd,5,empty_pressure,0,1,0,1,0,0,7,167,0
async_fifo,967,4984000,wr,5,empty_pressure,0,1,0,0,0,0,7,167,0
async_fifo,968,4992000,wr,5,empty_pressure,0,0,0,0,0,0,7,167,0
async_fifo,969,4998000,rd,5,empty_pressure,0,0,0,0,0,0,7,167,0
async_fifo,970,5000000,wr,5,empty_pressure,1,0,1,0,0,0,8,168,0
async_fifo,971,5008000,wr,5,empty_pressure,0,1,0,0,0,0,8,168,0
async_fifo,972,5012000,rd,5,empty_pressure,0,1,0,1,0,0,7,169,0
async_fifo,973,5016000,wr,5,empty_pressure,0,1,0,0,0,0,7,169,0
async_fifo,974,5024000,wr,5,empty_pressure,1,0,1,0,0,0,8,170,0
async_fifo,975,5026000,rd,5,empty_pressure,1,0,0,0,0,0,8,170,0
async_fifo,976,5032000,wr,5,empty_pressure,0,1,0,0,0,0,8,170,0
async_fifo,977,5040000,rd,5,empty_pressure,0,1,0,1,0,0,7,171,0
async_fifo,978,5040000,wr,5,empty_pressure,0,1,0,0,0,0,7,171,0
async_fifo,979,5048000,wr,5,empty_pressure,0,0,0,0,0,0,7,171,0
async_fifo,980,5054000,rd,5,empty_pressure,0,0,0,0,0,0,7,171,0
async_fifo,981,5056000,wr,5,empty_pressure,1,0,1,0,0,0,8,172,0
async_fifo,982,5064000,wr,5,empty_pressure,0,1,0,0,0,0,8,172,0
async_fifo,983,5068000,rd,5,empty_pressure,0,1,0,1,0,0,7,173,0
async_fifo,984,5072000,wr,5,empty_pressure,0,1,0,0,0,0,7,173,0
async_fifo,985,5080000,wr,5,empty_pressure,0,0,0,0,0,0,7,173,0
async_fifo,986,5082000,rd,5,empty_pressure,0,0,0,0,0,0,7,173,0
async_fifo,987,5088000,wr,5,empty_pressure,0,1,0,0,0,0,7,173,0
async_fifo,988,5096000,rd,5,empty_pressure,0,1,0,1,0,0,6,174,0
async_fifo,989,5096000,wr,5,empty_pressure,0,1,0,0,0,0,6,174,0
async_fifo,990,5104000,wr,5,empty_pressure,0,0,0,0,0,0,6,174,0
async_fifo,991,5110000,rd,5,empty_pressure,0,0,0,0,0,0,6,174,0
async_fifo,992,5112000,wr,5,empty_pressure,0,0,0,0,0,0,6,174,0
async_fifo,993,5120000,wr,5,empty_pressure,0,1,0,0,0,0,6,174,0
async_fifo,994,5124000,rd,5,empty_pressure,0,1,0,1,0,0,5,175,0
async_fifo,995,5128000,wr,5,empty_pressure,0,1,0,0,0,0,5,175,0
async_fifo,996,5136000,wr,5,empty_pressure,0,0,0,0,0,0,5,175,0
async_fifo,997,5138000,rd,5,empty_pressure,0,0,0,0,0,0,5,175,0
async_fifo,998,5144000,wr,5,empty_pressure,0,1,0,0,0,0,5,175,0
async_fifo,999,5152000,rd,5,empty_pressure,0,1,0,1,0,0,4,176,0
async_fifo,1000,5152000,wr,5,empty_pressure,0,1,0,0,0,0,4,176,0
async_fifo,1001,5160000,wr,5,empty_pressure,0,0,0,0,0,0,4,176,0
async_fifo,1002,5166000,rd,5,empty_pressure,0,0,0,0,0,0,4,176,0
async_fifo,1003,5168000,wr,5,empty_pressure,0,0,0,0,0,0,4,176,0
async_fifo,1004,5176000,wr,5,empty_pressure,0,1,0,0,0,0,4,176,0
async_fifo,1005,5180000,rd,5,empty_pressure,0,1,0,1,0,0,3,177,0
async_fifo,1006,5184000,wr,5,empty_pressure,0,1,0,0,0,0,3,177,0
async_fifo,1007,5192000,wr,5,empty_pressure,0,0,0,0,0,0,3,177,0
async_fifo,1008,5194000,rd,5,empty_pressure,0,0,0,0,0,0,3,177,0
async_fifo,1009,5200000,wr,5,empty_pressure,0,1,0,0,0,0,3,177,0
async_fifo,1010,5208000,rd,5,empty_pressure,0,1,0,1,0,0,2,178,0
async_fifo,1011,5208000,wr,5,empty_pressure,0,1,0,0,0,0,2,178,0
async_fifo,1012,5216000,wr,5,empty_pressure,0,0,0,0,0,0,2,178,0
async_fifo,1013,5222000,rd,5,empty_pressure,0,0,0,0,0,0,2,178,0
async_fifo,1014,5224000,wr,5,empty_pressure,0,0,0,0,0,0,2,178,0
async_fifo,1015,5232000,wr,5,empty_pressure,0,1,0,0,0,0,2,178,0
async_fifo,1016,5236000,rd,5,empty_pressure,0,1,0,1,0,0,1,179,0
async_fifo,1017,5240000,wr,5,empty_pressure,0,1,0,0,0,0,1,179,0
async_fifo,1018,5248000,wr,5,empty_pressure,0,0,0,0,0,0,1,179,0
async_fifo,1019,5250000,rd,5,empty_pressure,0,0,0,0,0,0,1,179,0
async_fifo,1020,5256000,wr,5,empty_pressure,0,1,0,0,0,0,1,179,0
async_fifo,1021,5264000,rd,5,empty_pressure,0,1,0,1,0,1,0,180,0
async_fifo,1022,5264000,wr,5,empty_pressure,0,1,0,0,0,1,0,180,0
async_fifo,1023,5272000,wr,5,empty_pressure,0,0,0,0,0,1,0,180,0
async_fifo,1024,5278000,rd,5,empty_pressure,0,0,0,0,0,1,0,180,0
async_fifo,1025,5280000,wr,5,empty_pressure,0,0,0,0,0,1,0,180,0
async_fifo,1026,5288000,wr,5,empty_pressure,0,1,0,0,0,1,0,180,0
async_fifo,1027,5292000,rd,5,empty_pressure,0,1,0,0,0,1,0,180,0
async_fifo,1028,5296000,wr,5,empty_pressure,0,1,0,0,0,1,0,180,0
async_fifo,1029,5304000,wr,5,empty_pressure,1,0,1,0,0,1,1,181,0
async_fifo,1030,5306000,rd,5,empty_pressure,1,0,0,0,0,1,1,181,0
async_fifo,1031,5312000,wr,5,empty_pressure,0,1,0,0,0,1,1,181,0
async_fifo,1032,5320000,rd,5,empty_pressure,0,1,0,0,0,1,1,181,0
async_fifo,1033,5320000,wr,5,empty_pressure,0,1,0,0,0,1,1,181,0
async_fifo,1034,5328000,wr,5,empty_pressure,0,0,0,0,0,1,1,181,0
async_fifo,1035,5334000,rd,5,empty_pressure,0,0,0,0,0,1,1,181,0
async_fifo,1036,5336000,wr,5,empty_pressure,0,0,0,0,0,1,1,181,0
async_fifo,1037,5344000,wr,5,empty_pressure,0,1,0,0,0,0,1,181,0
async_fifo,1038,5348000,rd,5,empty_pressure,0,1,0,0,0,0,1,181,0
async_fifo,1039,5352000,wr,5,empty_pressure,0,1,0,0,0,0,1,181,0
async_fifo,1040,5360000,wr,5,empty_pressure,0,0,0,0,0,0,1,181,0
async_fifo,1041,5362000,rd,5,empty_pressure,0,0,0,0,0,0,1,181,0
async_fifo,1042,5368000,wr,5,empty_pressure,0,1,0,0,0,0,1,181,0
async_fifo,1043,5376000,rd,5,empty_pressure,0,1,0,1,0,1,0,182,0
async_fifo,1044,5376000,wr,5,empty_pressure,0,1,0,0,0,1,0,182,0
async_fifo,1045,5384000,wr,5,empty_pressure,0,0,0,0,0,1,0,182,0
async_fifo,1046,5390000,rd,5,empty_pressure,0,0,0,0,0,1,0,182,0
async_fifo,1047,5392000,wr,5,empty_pressure,0,0,0,0,0,1,0,182,0
async_fifo,1048,5400000,wr,5,empty_pressure,0,1,0,0,0,1,0,182,0
async_fifo,1049,5404000,rd,5,empty_pressure,0,1,0,0,0,1,0,182,0
async_fifo,1050,5408000,wr,5,empty_pressure,0,1,0,0,0,1,0,182,0
async_fifo,1051,5416000,wr,5,empty_pressure,0,0,0,0,0,1,0,182,0
async_fifo,1052,5418000,rd,5,empty_pressure,0,0,0,0,0,1,0,182,0
async_fifo,1053,5424000,wr,5,empty_pressure,0,1,0,0,0,1,0,182,0
async_fifo,1054,5432000,rd,5,empty_pressure,0,1,0,0,0,1,0,182,0
async_fifo,1055,5432000,wr,5,empty_pressure,0,1,0,0,0,1,0,182,0
async_fifo,1056,5440000,wr,5,empty_pressure,0,0,0,0,0,1,0,182,0
async_fifo,1057,5446000,rd,5,empty_pressure,0,0,0,0,0,1,0,182,0
async_fifo,1058,5448000,wr,5,empty_pressure,0,0,0,0,0,1,0,182,0
async_fifo,1059,5456000,wr,5,empty_pressure,0,1,0,0,0,1,0,182,0
async_fifo,1060,5460000,rd,5,empty_pressure,0,1,0,0,0,1,0,182,0
async_fifo,1061,5464000,wr,5,empty_pressure,0,1,0,0,0,1,0,182,0
async_fifo,1062,5472000,wr,5,empty_pressure,0,0,0,0,0,1,0,182,0
async_fifo,1063,5474000,rd,5,empty_pressure,0,0,0,0,0,1,0,182,0
async_fifo,1064,5480000,wr,5,empty_pressure,0,1,0,0,0,1,0,182,0
async_fifo,1065,5488000,rd,5,empty_pressure,0,1,0,0,0,1,0,182,0
async_fifo,1066,5488000,wr,5,empty_pressure,0,1,0,0,0,1,0,182,0
async_fifo,1067,5496000,wr,5,empty_pressure,0,0,0,0,0,1,0,182,0
async_fifo,1068,5502000,rd,5,empty_pressure,0,0,0,0,0,1,0,182,0
async_fifo,1069,5504000,wr,5,empty_pressure,0,0,0,0,0,1,0,182,0
async_fifo,1070,5512000,wr,5,empty_pressure,0,1,0,0,0,1,0,182,0
async_fifo,1071,5516000,rd,5,empty_pressure,0,1,0,0,0,1,0,182,0
async_fifo,1072,5520000,wr,5,empty_pressure,0,1,0,0,0,1,0,182,0
async_fifo,1073,5528000,wr,5,empty_pressure,1,0,1,0,0,1,1,183,0
async_fifo,1074,5530000,rd,5,empty_pressure,1,0,0,0,0,1,1,183,0
async_fifo,1075,5536000,wr,5,empty_pressure,0,1,0,0,0,1,1,183,0
async_fifo,1076,5544000,rd,5,empty_pressure,0,1,0,0,0,1,1,183,0
async_fifo,1077,5544000,wr,5,empty_pressure,0,1,0,0,0,1,1,183,0
async_fifo,1078,5552000,wr,5,empty_pressure,0,0,0,0,0,1,1,183,0
async_fifo,1079,5558000,rd,5,empty_pressure,0,0,0,0,0,1,1,183,0
async_fifo,1080,5560000,wr,5,empty_pressure,0,0,0,0,0,1,1,183,0
async_fifo,1081,5568000,wr,5,empty_pressure,0,1,0,0,0,0,1,183,0
async_fifo,1082,5572000,rd,5,empty_pressure,0,1,0,0,0,0,1,183,0
async_fifo,1083,5576000,wr,5,empty_pressure,0,1,0,0,0,0,1,183,0
async_fifo,1084,5584000,wr,5,empty_pressure,0,0,0,0,0,0,1,183,0
async_fifo,1085,5586000,rd,5,empty_pressure,0,0,0,0,0,0,1,183,0
async_fifo,1086,5592000,wr,5,empty_pressure,0,1,0,0,0,0,1,183,0
async_fifo,1087,5600000,rd,5,empty_pressure,0,1,0,1,0,1,0,184,0
async_fifo,1088,5600000,wr,5,empty_pressure,0,1,0,0,0,1,0,184,0
async_fifo,1089,5608000,wr,5,empty_pressure,0,0,0,0,0,1,0,184,0
async_fifo,1090,5614000,rd,5,empty_pressure,0,0,0,0,0,1,0,184,0
async_fifo,1091,5616000,wr,5,empty_pressure,1,0,1,0,0,1,1,185,0
async_fifo,1092,5624000,wr,5,empty_pressure,0,1,0,0,0,1,1,185,0
async_fifo,1093,5628000,rd,5,empty_pressure,0,1,0,0,0,1,1,185,0
async_fifo,1094,5632000,wr,5,empty_pressure,0,1,0,0,0,1,1,185,0
async_fifo,1095,5640000,wr,5,empty_pressure,0,0,0,0,0,1,1,185,0
async_fifo,1096,5642000,rd,5,empty_pressure,0,0,0,0,0,1,1,185,0
async_fifo,1097,5648000,wr,5,empty_pressure,0,1,0,0,0,1,1,185,0
async_fifo,1098,5656000,rd,5,empty_pressure,0,1,0,0,0,0,1,185,0
async_fifo,1099,5656000,wr,5,empty_pressure,0,1,0,0,0,0,1,185,0
async_fifo,1100,5664000,wr,5,empty_pressure,0,0,0,0,0,0,1,185,0
async_fifo,1101,5670000,rd,5,empty_pressure,0,0,0,0,0,0,1,185,0
async_fifo,1102,5672000,wr,5,empty_pressure,0,0,0,0,0,0,1,185,0
async_fifo,1103,5680000,wr,5,empty_pressure,0,1,0,0,0,1,1,185,0
async_fifo,1104,5684000,rd,5,empty_pressure,0,1,0,1,0,1,0,186,0
async_fifo,1105,5688000,wr,5,empty_pressure,0,1,0,0,0,1,0,186,0
async_fifo,1106,5696000,wr,5,empty_pressure,1,0,1,0,0,1,1,187,0
async_fifo,1107,5698000,rd,5,empty_pressure,1,0,0,0,0,1,1,187,0
async_fifo,1108,5704000,wr,5,empty_pressure,0,1,0,0,0,1,1,187,0
async_fifo,1109,5712000,rd,5,empty_pressure,0,1,0,0,0,1,1,187,0
async_fifo,1110,5712000,wr,5,empty_pressure,0,1,0,0,0,1,1,187,0
async_fifo,1111,5720000,wr,5,empty_pressure,0,0,0,0,0,1,1,187,0
async_fifo,1112,5726000,rd,5,empty_pressure,0,0,0,0,0,1,1,187,0
async_fifo,1113,5728000,wr,5,empty_pressure,0,0,0,0,0,1,1,187,0
async_fifo,1114,5736000,wr,5,empty_pressure,0,1,0,0,0,0,1,187,0
async_fifo,1115,5740000,rd,5,empty_pressure,0,1,0,0,0,0,1,187,0
async_fifo,1116,5744000,wr,5,empty_pressure,0,1,0,0,0,0,1,187,0
async_fifo,1117,5752000,wr,5,empty_pressure,0,0,0,0,0,0,1,187,0
async_fifo,1118,5754000,rd,5,empty_pressure,0,0,0,0,0,0,1,187,0
async_fifo,1119,5760000,wr,5,empty_pressure,0,1,0,0,0,0,1,187,0
async_fifo,1120,5768000,rd,5,empty_pressure,0,1,0,1,0,1,0,188,0
async_fifo,1121,5768000,wr,5,empty_pressure,0,1,0,0,0,1,0,188,0
async_fifo,1122,5776000,wr,5,empty_pressure,0,0,0,0,0,1,0,188,0
async_fifo,1123,5782000,rd,5,empty_pressure,0,0,0,0,0,1,0,188,0
async_fifo,1124,5784000,wr,5,empty_pressure,0,0,0,0,0,1,0,188,0
async_fifo,1125,5792000,wr,5,empty_pressure,0,1,0,0,0,1,0,188,0
async_fifo,1126,5796000,rd,5,empty_pressure,0,1,0,0,0,1,0,188,0
async_fifo,1127,5800000,wr,5,empty_pressure,0,1,0,0,0,1,0,188,0
async_fifo,1128,5808000,wr,5,empty_pressure,0,0,0,0,0,1,0,188,0
async_fifo,1129,5810000,rd,5,empty_pressure,0,0,0,0,0,1,0,188,0
async_fifo,1130,5816000,wr,5,empty_pressure,0,1,0,0,0,1,0,188,0
async_fifo,1131,5824000,rd,5,empty_pressure,0,1,0,0,0,1,0,188,0
async_fifo,1132,5824000,wr,5,empty_pressure,0,1,0,0,0,1,0,188,0
async_fifo,1133,5832000,wr,5,empty_pressure,0,0,0,0,0,1,0,188,0
async_fifo,1134,5838000,rd,5,empty_pressure,0,0,0,0,0,1,0,188,0
async_fifo,1135,5840000,wr,5,empty_pressure,0,0,0,0,0,1,0,188,0
async_fifo,1136,5848000,wr,5,empty_pressure,0,1,0,0,0,1,0,188,0
async_fifo,1137,5852000,rd,5,empty_pressure,0,1,0,0,0,1,0,188,0
async_fifo,1138,5856000,wr,5,empty_pressure,0,1,0,0,0,1,0,188,0
async_fifo,1139,5864000,wr,5,empty_pressure,0,0,0,0,0,1,0,188,0
async_fifo,1140,5866000,rd,5,empty_pressure,0,0,0,0,0,1,0,188,0
async_fifo,1141,5872000,wr,5,empty_pressure,0,1,0,0,0,1,0,188,0
async_fifo,1142,5880000,rd,5,empty_pressure,0,1,0,0,0,1,0,188,0
async_fifo,1143,5880000,wr,5,empty_pressure,0,1,0,0,0,1,0,188,0
async_fifo,1144,5888000,wr,5,empty_pressure,0,0,0,0,0,1,0,188,0
async_fifo,1145,5894000,rd,5,empty_pressure,0,0,0,0,0,1,0,188,0
async_fifo,1146,5896000,wr,5,empty_pressure,1,0,1,0,0,1,1,189,0
async_fifo,1147,5904000,wr,5,empty_pressure,0,1,0,0,0,1,1,189,0
async_fifo,1148,5908000,rd,5,empty_pressure,0,1,0,0,0,1,1,189,0
async_fifo,1149,5912000,wr,5,empty_pressure,0,1,0,0,0,1,1,189,0
async_fifo,1150,5920000,wr,5,empty_pressure,1,0,1,0,0,1,2,190,0
async_fifo,1151,5922000,rd,5,empty_pressure,1,0,0,0,0,1,2,190,0
async_fifo,1152,5928000,wr,5,empty_pressure,0,1,0,0,0,1,2,190,0
async_fifo,1153,5936000,rd,5,empty_pressure,0,1,0,0,0,0,2,190,0
